e, e_dot, e_int, stamp, 
0.7707990866242981, -2.0355355525319648e-05, 0.0524143994821827, 4724000000, 
0.7707992953327732, -4.238504762851976e-06, 0.052414357151326155, 4758000000, 
0.7766075224303566, 0.028473747620263074, 0.07881900074917256, 4826000000, 
0.7904377033448751, 0.09626670594167556, 0.10598228495689622, 4894000000, 
0.805934131052869, 0.11843692509729316, 0.13446883022025904, 4996000000, 
0.7815412242626293, -0.029073461053090777, 0.16169808798890536, 5098000000, 
0.7598392186788635, -0.15063696854250175, 0.15961739103161657, 5200000000, 
0.6765207154406059, -0.343204277196155, 0.15081727876998272, 5302000000, 
0.6403828687858033, -0.3903802284086935, 0.1412185105975585, 5404000000, 
0.6047891039872755, -0.23441703089323662, 0.13067510279853053, 5506000000, 
0.5705511335519682, -0.2282082850778926, 0.12346917123010318, 5608000000, 
0.5414167425022013, -0.20709922053945817, 0.11673947464281825, 5710000000, 
0.5163137595023004, -0.1772463204237509, 0.11072315121783995, 5812000000, 
0.5012578274106874, -0.15583948084091648, 0.08834267200019405, 5880000000, 
0.3782124145710114, -0.47591278097090045, 0.07909442675075994, 5982000000, 
0.34953872503311645, -0.4958140600574213, 0.08357260975700742, 6084000000, 
0.3226491087043475, -0.18157943093681017, 0.07142721688497632, 6186000000, 
0.29777073821317024, -0.1691764275161641, 0.06595718289264312, 6288000000, 
0.2785376793709189, -0.14415499782166208, 0.06112911178761368, 6390000000, 
0.26466665788376864, -0.10818326905033203, 0.05718630513181432, 6492000000, 
0.2536086572897641, -0.08146739242207443, 0.05418328362902271, 6594000000, 
0.12328685410327456, -0.4620255025506343, 0.043626227510822894, 6696000000, 
0.10594360787332391, -0.4825655209687589, 0.03283306011011265, 6798000000, 
0.0946211309600361, -0.11217961307151096, 0.01835159026640929, 6866000000, 
0.07824094790775182, -0.10903234778501956, 0.01579898891532967, 6968000000, 
0.06381142908723936, -0.10068530023789786, 0.016093798540941853, 7070000000, 
0.05917707289300944, -0.06230024514621694, 0.01368360259238404, 7172000000, 
-0.054302000685006346, -0.3859916005628945, 0.004670682088076486, 7274000000, 
-0.06482608287277414, -0.40523907113001173, -0.004076668725204431, 7376000000, 
-0.07425038647398308, -0.0651908032319501, -0.01314973596215992, 7478000000, 
-0.08399859234902618, -0.06265525972631386, -0.015169104195313268, 7580000000, 
-0.0881473779294416, -0.04541500475640042, -0.016754952259166657, 7682000000, 
-0.08968321142095392, -0.01857718650956779, -0.017804384355560674, 7784000000, 
-0.17900831240396564, -0.2969311584134772, -0.024265045319296557, 7886000000, 
-0.1824693554115937, -0.3032226927798686, -0.0306789397880829, 7988000000, 
-0.18502389723066814, -0.02383286188313635, -0.030968422019286224, 8056000000, 
-0.18936720021004116, -0.026716064405178697, -0.031555425661630505, 8158000000, 
-0.19338136966654274, -0.02731200142442677, -0.038608527763293134, 8260000000, 
-0.19149106898006552, -0.0069407476144586625, -0.039048295442252155, 8362000000, 
-0.2513699749569861, -0.18950524604720054, -0.04326448412504441, 8464000000, 
-0.25061378070743545, -0.1932114762332351, -0.047156288075825115, 8566000000, 
-0.25042938064518006, 0.003073837620281184, -0.051164093269052906, 8668000000, 
-0.2512048328323031, -0.0019315428917243548, -0.05115286360457446, 8770000000, 
-0.249832237713989, 0.0019514474875524958, -0.0510997186810201, 8872000000, 
-0.28346412257407116, -0.10542251549597405, -0.0533460811321847, 8974000000, 
-0.2804029154345039, -0.094902203106965, -0.04610962562427863, 9042000000, 
-0.2767175624505173, 0.027049554553390438, -0.04763312735934857, 9144000000, 
-0.2738516772052372, 0.02140927525904161, -0.05650610654613756, 9246000000, 
-0.27158668547582115, 0.01676757181273256, -0.05590660290894713, 9348000000, 
-0.26788616208976046, 0.01949514743619842, -0.05530606768441568, 9450000000, 
-0.277809588971085, -0.020336285932234747, -0.055575205684493326, 9552000000, 
-0.27196587866040567, -0.013332407093611795, -0.05560099082104507, 9654000000, 
-0.26703379830647617, 0.03521500217192425, -0.05554303008378174, 9756000000, 
-0.26321255301097357, 0.02860563937722908, -0.054550431638494164, 9858000000, 
-0.2599865557968161, 0.023030204279934786, -0.05373583768377008, 9960000000, 
-0.2585007056684069, 0.017826053616899696, -0.0442963228203178, 10028000000, 
-0.250439986969785, 0.03362579703018223, -0.04357254407798378, 10130000000, 
-0.2444852554189038, 0.04580212499837605, -0.0512329644678825, 10232000000, 
-0.23950404794063934, 0.03573836284034521, -0.04994119174239431, 10334000000, 
-0.2356537148317956, 0.028861243748719678, -0.04893572523701102, 10436000000, 
-0.23332402830976753, 0.020196142584548393, -0.04817676179358976, 10538000000, 
-0.2156947246555369, 0.06522545809234866, -0.0465577278102028, 10640000000, 
-0.2097597409902466, 0.0770074749003952, -0.044796937588977466, 10742000000, 
-0.20474485119154195, 0.035783900209133836, -0.042853553544938125, 10844000000, 
-0.20067682453949426, 0.02968273349919068, -0.04183233633704722, 10946000000, 
-0.19876817039200367, 0.0226503525270705, -0.03423742461363893, 11014000000, 
-0.177822466298646, 0.07780616115880243, -0.03271182280304149, 11116000000, 
-0.17224496136107026, 0.08667715369586083, -0.03732082066751695, 11218000000, 
-0.16743439410594574, 0.033947948342157745, -0.03519012388006501, 11320000000, 
-0.1634451767391473, 0.028757466084715567, -0.0342124681900191, 11422000000, 
-0.16144144835996482, 0.019584790019545478, -0.03347782930594393, 11524000000, 
-0.13885741417518147, 0.08035216524171841, -0.031534594670651964, 11626000000, 
-0.13417324169774847, 0.08911178647783123, -0.029544103087836837, 11728000000, 
-0.1301879971273393, 0.028331428260922092, -0.027418868404018307, 11830000000, 
-0.1268506342523355, 0.023930089690892043, -0.02660240736926478, 11932000000, 
-0.10819258416943209, 0.07188043450296476, -0.024835722657339264, 12034000000, 
-0.10515119696688996, 0.07588278067554448, -0.019277683538690596, 12102000000, 
-0.10133423644623768, 0.027382487988449253, -0.017831754329678384, 12204000000, 
-0.09800462703384918, 0.02335480370274763, -0.02070532411039442, 12306000000, 
-0.09547587585624995, 0.019144969248325924, -0.020047402274870903, 12408000000, 
-0.0805842457874193, 0.05692935047852906, -0.018636402910071247, 12510000000, 
-0.07740657707284486, 0.059049996024199636, -0.017235735512722956, 12612000000, 
-0.07459686025757849, 0.019566619378564732, -0.0158159624520133, 12714000000, 
-0.0722166442053985, 0.01696056492629529, -0.015246965544435883, 12816000000, 
-0.07102407309596045, 0.011675775037967427, -0.014812955274007743, 12918000000, 
-0.059524512385253886, 0.06026768684803235, -0.011490029682241394, 12986000000, 
-0.057172971165304495, 0.06405517086931124, -0.010637554876636068, 13088000000, 
-0.055101175922859305, 0.014455347916322159, -0.0116823088441924, 13190000000, 
-0.05329371087124486, 0.012677321222417104, -0.011258614341239787, 13292000000, 
-0.05229278371238015, 0.009177752321827303, -0.01092676159444093, 13394000000, 
-0.04341118464637983, 0.03229583733616024, -0.010131842187640327, 13496000000, 
-0.041509901483284414, 0.035238177219267114, -0.009330543149259017, 13598000000, 
-0.03976241046666534, 0.011924098626517934, -0.00847847776855041, 13700000000, 
-0.03811568645252944, 0.011092205982859394, -0.008118383891368585, 13802000000, 
-0.037008713862294, 0.008999008511017466, -0.007812303133141236, 13904000000, 
-0.03172004205492884, 0.029542419285239135, -0.006054518400952629, 13972000000, 
-0.030101241565257134, 0.0312150594794753, -0.005600366524007199, 14074000000, 
-0.028565248372642488, 0.010309783275445607, -0.006146284175512335, 14176000000, 
-0.027122939951374235, 0.009733011810074833, -0.005833681232470621, 14278000000, 
-0.026021563526865757, 0.008312695574433761, -0.005556263125860008, 14380000000, 
-0.025069296442012702, 0.006711253298567102, -0.005318538394577183, 14482000000, 
-0.02199909035319233, 0.013145337168867413, -0.004970116621900813, 14584000000, 
-0.020793652549484405, 0.0139726924592428, -0.00461461867543888, 14686000000, 
-0.01964917266982319, 0.007679469553493919, -0.004246050258929994, 14788000000, 
-0.018906234975686123, 0.007381981767538612, -0.003363113411049644, 14856000000, 
-0.017882625882789466, 0.006986979196412605, -0.003198155233270264, 14958000000, 
-0.01708269986231696, 0.0059592650763698116, -0.003663266129013893, 15060000000, 
-0.01635942959772165, 0.004977765637476517, -0.003490083363312309, 15162000000, 
-0.015438468740319011, 0.005373304320254737, -0.003323880677624318, 15264000000, 
-0.01459333653506812, 0.00577154595638409, -0.0031546039713713967, 15366000000, 
-0.013784806000532585, 0.005404126600609238, -0.0029795295667625404, 15468000000, 
-0.01301595414891648, 0.0051548443991883686, -0.002814798574547168, 15570000000, 
-0.01229880766490453, 0.004856203711202795, -0.002658770611376044, 15672000000, 
-0.011633668259428943, 0.004517274148652079, -0.0025124932449809966, 15774000000, 
-0.01120974743856383, 0.00425170142736358, -0.0019913926572308473, 15842000000, 
-0.010628676583633062, 0.003976967602053718, -0.0018967518959587973, 15944000000, 
-0.011374621577988069, -0.0005388043772033933, -0.002258487100812577, 16046000000, 
-0.010782369581979992, -0.0005022647004801628, -0.002229425406564876, 16148000000, 
-0.01024131734238068, 0.0037036086130960446, -0.002203084978159714, 16250000000, 
-0.009883384493035864, 0.0035227173647599196, -0.0017514007136524702, 16318000000, 
-0.009365340782746312, 0.0034475260925057997, -0.0016711024150292285, 16420000000, 
-0.008780339527225615, 0.0036047221104910086, -0.0019059764066045295, 16522000000, 
-0.008234169732937592, 0.003696637417675555, -0.001793829802917847, 16624000000, 
-0.007732171619493661, 0.0034253853193854738, -0.0016827742998166669, 16726000000, 
-0.007400262292040431, 0.0032675232177247567, -0.0013241075398533954, 16794000000, 
-0.009220880043070388, -0.0043227247053925265, -0.001380021124094254, 16896000000, 
-0.008777356085086327, -0.004500306513221882, -0.0017270978925734057, 16998000000, 
-0.008367121662839365, 0.002790060066114456, -0.0017928443297877332, 17100000000, 
-0.007997747395046738, 0.00254774081712284, -0.001709671309722125, 17202000000, 
-0.007520603048852603, 0.002766400699303143, -0.0016242121032582317, 17304000000, 
-0.007178115373374011, 0.0032381564033072646, -0.0012861330629788232, 17372000000, 
-0.006670762603220026, 0.0033368767430453374, -0.001210937258108643, 17474000000, 
-0.006190964119521344, 0.0032259844897145977, -0.0013627092625358459, 17576000000, 
-0.005730516030759622, 0.0030727012171908635, -0.0012642725072380674, 17678000000, 
-0.0052950955653637, 0.0029276750135870735, -0.0011707271486638372, 17780000000, 
-0.004897437774197273, 0.0027224779626220546, -0.0010827673571818003, 17882000000, 
-0.004637457771305004, 0.0025739470441334352, -0.0008403661629490719, 17950000000, 
-0.0070985730566169025, -0.006768448630632335, -0.0009425632207867535, 18052000000, 
-0.006797662157212704, -0.007059491457214708, -0.0012602911229891533, 18154000000, 
-0.006524775149841643, 0.0018751565580890847, -0.0013886287047296447, 18256000000, 
-0.006286184672785848, 0.0016714950471465883, -0.0013333862946291331, 18358000000, 
-0.0059075668549159605, 0.002017020571652556, -0.0012728598140729545, 18460000000, 
-0.005482906650758658, 0.0026250915752522555, -0.0012020127561353116, 18562000000, 
-0.005056217534304602, 0.0027821873222593405, -0.001118374990718587, 18664000000, 
-0.004640886496730327, 0.0027516998497657866, -0.0010322407263619639, 18766000000, 
-0.004246633903772001, 0.002645698138995428, -0.0009481741795668712, 18868000000, 
-0.0038775997709745436, 0.0024944010645613847, -0.0008680281716604272, 18970000000, 
-0.0036415406839534967, 0.0023631462853889807, -0.0006667272136596689, 19038000000, 
-0.0033174007770354758, 0.002216433128920233, -0.0006140706698112659, 19140000000, 
-0.003019822818807215, 0.002031757729236215, -0.0006785559710261406, 19242000000, 
-0.0027474796648981267, 0.0018624872945665002, -0.0006177598217303755, 19344000000, 
-0.002506679776539872, 0.0016769380466253043, -0.0005626307936966744, 19446000000, 
-0.00228044909428423, 0.0015262436948166556, -0.0005123533804291115, 19548000000, 
-0.00207298475267028, 0.0014173039995738288, -0.0004664877263976179, 19650000000, 
-0.001884619600336028, 0.0012935604377392227, -0.00042418763441575655, 19752000000, 
-0.0017661666082768798, 0.0011962243151077596, -0.0003243470211393806, 19820000000, 
-0.0016052379851198562, 0.0011065624550514572, -0.0002978413709781899, 19922000000, 
-0.0014587882267519392, 0.0010045045147873877, -0.00032845311177010986, 20024000000, 
-0.001325685654767192, 0.0009135697070348506, -0.0002985004069314511, 20126000000, 
-0.0012039324441138616, 0.0008328620347649597, -0.0002712116301430435, 20228000000, 
-0.001095694810277166, 0.0007516040669608689, -0.0002465212778227589, 20330000000, 
-0.0009953912023790493, 0.0006815073259307593, -0.0002240612550603652, 20432000000, 
-0.0009040842008047265, 0.000626178462328234, -0.000203671574515344, 20534000000, 
-0.0008213798096222136, 0.0005686646822118814, -0.00018501815447080725, 20636000000, 
-0.0007694656958763257, 0.000524756737912891, -0.00014137935002385172, 20704000000, 
-0.0006989666845006806, 0.000484869875798944, -0.00012975602409995578, 20806000000, 
-0.0006349386635203236, 0.00043963082469281755, -0.00014302923098501841, 20908000000, 
-0.0005767923373330361, 0.00039926257244328277, -0.00012992744260407473, 21010000000, 
-0.0005236190353071074, 0.00036378963468371297, -0.00011800380245891174, 21112000000, 
-0.0004763554210810844, 0.000328225216509646, -0.00010722014197304349, 21214000000, 
-0.0004325857408806824, 0.000297494426230147, -9.741409341428343e-05, 21316000000, 
-0.00039273239140263927, 0.00027327787476616065, -8.85138016287796e-05, 21418000000, 
-0.00036774938509136906, 0.0002527054213887204, -6.760715931789914e-05, 21486000000, 
-0.0003339997836416392, 0.00023275853240730453, -6.202062174102003e-05, 21588000000, 
-0.00030327267982545314, 0.00021070818714351609, -6.834148570197536e-05, 21690000000, 
-0.00027534655941491293, 0.00019167720335531456, -6.205809355597634e-05, 21792000000, 
-0.0002508548782285333, 0.00017130000521869225, -5.640423998788515e-05, 21894000000, 
-0.00022783931551902115, 0.00015525243103232608, -5.1274771215047774e-05, 21996000000, 
-0.00020679991339563053, 0.0001439704733101398, -4.661359928573657e-05, 22098000000, 
-0.00018774730807900875, 0.00013101963215690328, -4.23222845155689e-05, 22200000000, 
-0.00017044024422160908, 0.00011882244828111584, -3.8419147667344884e-05, 22302000000, 
-0.00015955826754622537, 0.00010990205513227199, -2.9338929791321114e-05, 22370000000, 
-0.00014478796988684484, 0.00010161196951783038, -2.6904567293765158e-05, 22472000000, 
-0.0001313830555264156, 9.207585627388815e-05, -2.962959192124503e-05, 22574000000, 
-0.00011920739718528778, 8.359664281554594e-05, -2.6885732736701275e-05, 22676000000, 
-0.00010805146141706218, 7.62470395730504e-05, -2.4387650160756056e-05, 22778000000, 
-9.813246778889173e-05, 6.887231828887597e-05, -2.212661019460443e-05, 22880000000, 
-9.171267190952181e-05, 6.388459950073634e-05, -1.6880807396543623e-05, 22948000000, 
-8.314607018870823e-05, 5.946501810414528e-05, -1.5469501893603565e-05, 23050000000, 
-7.537998282097086e-05, 5.337480094297698e-05, -1.701623329450566e-05, 23152000000, 
-6.831897894528371e-05, 4.845454654713895e-05, -1.542546217293747e-05, 23254000000, 
-6.185858919147136e-05, 4.418756088071733e-05, -1.3977913465125362e-05, 23356000000, 
-5.610284505183638e-05, 3.992200618773639e-05, -1.2667068096824218e-05, 23458000000, 
-5.078221051772053e-05, 3.6197315927290296e-05, -1.147456784374992e-05, 23560000000, 
-4.593859995843247e-05, 3.321648723334612e-05, -1.0392008575903276e-05, 23662000000, 
-4.154888308582211e-05, 3.017427265326281e-05, -9.402339162214305e-06, 23764000000, 
