acc_x (m/s^2), acc_y (m/s^2), angular_z (rad/s), stamp, 
-0.010335385799407959, 0.020910561084747314, -5.659163364024305e-10, 1759502790084248294, 
-0.005011022090911865, -0.011539220809936523, -4.35887082663525e-10, 1759502790116139032, 
0.0057869553565979, -0.006085753440856934, -4.76100115510881e-10, 1759502790143384714, 
-0.003371596336364746, -0.007828116416931152, 1.9809730237559196e-06, 1759502790173467299, 
-0.014246463775634766, 0.010153234004974365, -2.0800932279658374e-10, 1759502790196164909, 
0.014420032501220703, 0.021021604537963867, -5.115411113838441e-10, 1759502790233674138, 
0.019677460193634033, -0.004101753234863281, -3.100290462564087e-10, 1759502790263655845, 
0.019412696361541748, -0.023906409740447998, -2.359817626388627e-10, 1759502790293753418, 
-0.022070109844207764, -0.0039733052253723145, 1.8977428099033621e-06, 1759502790325158749, 
0.022776246070861816, -0.0003695487976074219, -1.585007916803169e-10, 1759502790356891649, 
0.01356571912765503, 0.00866323709487915, -1.3636960931762566e-10, 1759502790383676428, 
-0.01903069019317627, 0.015480339527130127, -4.033092608156571e-11, 1759502790413875682, 
0.002473294734954834, -0.01700657606124878, -1.2144226602547684e-11, 1759502790443775155, 
-0.008469820022583008, -0.01173180341720581, 3.942031945291705e-13, 1759502790473888200, 
0.030951857566833496, -0.0010051131248474121, 9.526318836536029e-12, 1759502790504011950, 
-0.00343930721282959, -0.015539824962615967, 6.749034439058189e-12, 1759502790533790128, 
0.007127106189727783, 0.016769051551818848, 1.472601100215552e-12, 1759502790565175626, 
0.005224108695983887, -0.030010104179382324, -2.6105869262082988e-12, 1759502790595944175, 
-0.014625012874603271, 0.029252052307128906, -1.0697016172223915e-11, 1759502790624112725, 
0.01750349998474121, 0.016455650329589844, -5.52533267943595e-11, 1759502790653999736, 
0.01532810926437378, -0.007351934909820557, -1.5628136161693056e-10, 1759502790684067475, 
0.022241175174713135, -0.0018108487129211426, -1.8175288914973561e-10, 1759502790714117593, 
0.0057825446128845215, 0.0019069314002990723, -1.897587681634175e-10, 1759502790744303111, 
0.00745469331741333, 0.00010883808135986328, -1.578999868534144e-10, 1759502790774448441, 
0.012649893760681152, 0.00019311904907226562, -1.1500123639860234e-10, 1759502790805851497, 
0.005128204822540283, 9.202957153320312e-05, -1.980867054755569e-06, 1759502790835943685, 
-0.05264246463775635, -0.033910393714904785, -2.1710520732442364e-06, 1759502790863399792, 
-0.025671660900115967, 0.016640067100524902, -1.9220145746992144e-06, 1759502790894412067, 
0.024442851543426514, 0.021790742874145508, -1.9903907648885113e-06, 1759502790924359269, 
-0.004467368125915527, -0.007219076156616211, -1.9821210389334095e-06, 1759502790954433889, 
0.01701819896697998, -0.021787643432617188, -3.2414657494114233e-10, 1759502790984697783, 
0.03513932228088379, -0.0037155747413635254, -2.4461070612885285e-10, 1759502791014618425, 
0.037175655364990234, 0.02337944507598877, -1.7794744133072062e-10, 1759502791045245596, 
0.010374128818511963, -0.0019783377647399902, -2.0834231587873152e-10, 1759502791075947354, 
-0.007526218891143799, 0.010597944259643555, -2.1946509455145256e-10, 1759502791104708581, 
-0.034425199031829834, -0.030678749084472656, -1.9892803958390487e-06, 1759502791134674024, 
-0.012723684310913086, 0.00010824203491210938, -2.66760365698162e-06, 1759502791157018309, 
0.023491322994232178, -0.008647680282592773, -1.484212481108207e-11, 1759502791185357256, 
0.03811603784561157, 0.014778733253479004, 2.697298394756198e-11, 1759502791214805984, 
0.011489570140838623, -0.02617490291595459, 3.4654725449281985e-11, 1759502791245722932, 
0.01002734899520874, 0.004840254783630371, 1.1774471477887043e-11, 1759502791275708621, 
-0.002201557159423828, 0.0013599991798400879, -6.728817243789221e-11, 1759502791305773505, 
-0.018104612827301025, -0.010856270790100098, -1.585679976049147e-10, 1759502791335637138, 
0.02148139476776123, -0.001554250717163086, -2.2520769702397337e-10, 1759502791365813657, 
-0.03955399990081787, 0.00038439035415649414, 1.9126498058710017e-06, 1759502791396973007, 
-0.024972736835479736, 0.016868948936462402, -3.353493764822425e-10, 1759502791427313302, 
-0.03557616472244263, 0.01871192455291748, -4.6566055192448423e-10, 1759502791455744511, 
-0.026224613189697266, -0.009845495223999023, 1.99426528951908e-06, 1759502791485624283, 
0.015283942222595215, -0.022364497184753418, -4.1359516837911213e-10, 1759502791507712260, 
0.024957239627838135, 0.010227859020233154, 1.562629815157946e-06, 1759502791545823661, 
0.037861168384552, 0.024645090103149414, 1.995522958866889e-06, 1759502791575674984, 
0.03789728879928589, -0.007927179336547852, -1.1001271499744223e-09, 1759502791605724699, 
0.028898656368255615, -0.01511991024017334, 1.8823898180514705e-06, 1759502791637373570, 
-0.03030937910079956, -0.0041397809982299805, -9.325199701780155e-10, 1759502791668100001, 
-0.022960007190704346, 0.010298728942871094, 2.1553149642513642e-06, 1759502791695740538, 
-0.03741198778152466, -0.022023260593414307, 1.987182931435452e-06, 1759502791725720652, 
0.05746430158615112, 0.026426732540130615, -4.552072869217639e-10, 1759502791748901901, 
0.04985499382019043, 0.012015104293823242, -6.350631658143864e-10, 1759502791776028625, 
0.022644877433776855, 0.02087569236755371, 2.0005213838269654e-06, 1759502791805817492, 
-0.0385323166847229, -0.022237062454223633, -1.5465477591470878e-10, 1759502791829689026, 
-0.013692200183868408, 0.009927928447723389, -2.0591309511680049e-10, 1759502791855978093, 
-0.019489049911499023, -0.0009316802024841309, -4.803593932250379e-11, 1759502791886096198, 
0.0014867782592773438, -0.02619105577468872, 6.050319783837104e-11, 1759502791915987459, 
0.0352630615234375, -0.009931862354278564, 1.6892477258112482e-10, 1759502791945901590, 
0.03329873085021973, 0.016989052295684814, 2.2359124419350383e-10, 1759502791975999319, 
0.058185875415802, -0.0012363791465759277, 1.995076337684441e-10, 1759502792004927339, 
0.023877859115600586, -0.010100603103637695, 1.9693471021742999e-10, 1759502792037051105, 
-0.03916984796524048, -0.006454527378082275, 2.166287841162611e-10, 1759502792069112491, 
-0.03003513813018799, 0.013431549072265625, 3.1281963952451876e-10, 1759502792096414315, 
-0.04614228010177612, 0.009840428829193115, 2.2363443196727131e-10, 1759502792126053675, 
0.02926337718963623, -0.004539430141448975, 1.4221325370532807e-10, 1759502792148652623, 
0.025470376014709473, 0.0032094717025756836, -8.904151968126128e-05, 1759502792186133977, 
2.148668050765991, 0.08127933740615845, 0.002569779801685735, 1759502792216344841, 
0.6011722087860107, -0.092434823513031, -0.006559109914166663, 1759502792246259430, 
1.109941005706787, 0.03702521324157715, -0.004360866686829769, 1759502792277412686, 
1.0638624429702759, -0.02002120018005371, 0.017634707577698493, 1759502792309266595, 
1.1531373262405396, 0.27470046281814575, -0.025105397410634122, 1759502792335377983, 
0.3999865651130676, -0.13199347257614136, 0.0075730092706416795, 1759502792366593100, 
1.2189428806304932, -0.06954950094223022, 0.02316202200426822, 1759502792396389609, 
0.7956058979034424, 0.1400458812713623, 0.012910779475811646, 1759502792426478308, 
0.43921583890914917, -0.2666580080986023, -0.0012406900204177248, 1759502792456455386, 
-0.23524463176727295, 0.5122689604759216, 0.004620519154612589, 1759502792486690062, 
-0.5021814107894897, -0.0807068943977356, 0.0001457616477820342, 1759502792517480911, 
-0.2957145571708679, -0.9426753520965576, 0.0021920690031092685, 1759502792549539444, 
0.17927145957946777, 0.5430895686149597, -0.007339748166026011, 1759502792576898017, 
-0.3117709755897522, 0.34095728397369385, -0.015894234166982633, 1759502792606834645, 
0.39788055419921875, -0.7435082197189331, -0.025017729250748535, 1759502792636844481, 
0.09328216314315796, 0.3447282910346985, 0.0015243171861869663, 1759502792667025453, 
-0.338662326335907, 0.22867047786712646, 0.01631037355719407, 1759502792696819718, 
0.5704848766326904, -0.4275161027908325, 0.0198677355328488, 1759502792727051925, 
-0.4892197251319885, 0.3201887607574463, 0.0022519125782956366, 1759502792757039837, 
-0.14262640476226807, 0.1962488293647766, -0.0031135576686830394, 1759502792789743858, 
0.04435384273529053, -0.41141945123672485, 0.006037702828658767, 1759502792819908378, 
-0.0715058445930481, -0.030199170112609863, 0.0396075182353168, 1759502792847020078, 
0.25998377799987793, 0.2758861184120178, 0.050473121746051244, 1759502792877113418, 
0.30580490827560425, -0.22674715518951416, 0.010137482898227293, 1759502792907121104, 
-0.22110038995742798, 0.0468788743019104, -0.004944628957894414, 1759502792937155768, 
-0.08501064777374268, 0.14241254329681396, -0.012320377758733203, 1759502792967233149, 
0.6276891827583313, -0.35278743505477905, -0.015775455204162316, 1759502792997519732, 
-0.6711380481719971, 0.2691385746002197, -0.012913228788745353, 1759502793029011964, 
0.983586311340332, 0.24629133939743042, -0.01566469030473201, 1759502793059879794, 
-0.22408264875411987, -0.5876210331916809, -0.054488231714321766, 1759502793086370316, 
-0.555125892162323, 0.09840112924575806, -0.0536614013507325, 1759502793117454838, 
0.3041629195213318, -0.39501237869262695, -0.01761878950092288, 1759502793140043615, 
0.6825868487358093, 0.14213156700134277, 0.010024855101247532, 1759502793177633429, 
-0.04463475942611694, -0.5847973227500916, -0.01962107079591199, 1759502793207544046, 
0.026315927505493164, 0.291296124458313, 0.0013333455667509106, 1759502793237687216, 
-0.006492435932159424, -0.000760197639465332, -0.0021148023084800976, 1759502793269111027, 
0.20343327522277832, -0.20699656009674072, 0.004675156484152456, 1759502793300767066, 
-0.3282387852668762, 0.26831817626953125, 0.03454002502525511, 1759502793337666463, 
0.06928080320358276, 0.22808104753494263, -0.00011031412338101615, 1759502793367698274, 
0.1564500331878662, -0.4279325008392334, -0.01877097677308477, 1759502793396947159, 
-0.16129976511001587, 0.36745160818099976, -0.004980881172343524, 1759502793429505671, 
-0.14216899871826172, 0.4305064082145691, 0.02444198421928087, 1759502793461286198, 
0.25402265787124634, -0.5809330344200134, 0.03702576658799022, 1759502793486951494, 
0.12172621488571167, 0.34603214263916016, 0.00793512587945378, 1759502793517977640, 
-0.20519942045211792, -0.08062350749969482, -0.01816128895617326, 1759502793548143084, 
-0.03991168737411499, -0.41068321466445923, -0.0053030770827491806, 1759502793578003416, 
-0.9863356947898865, 0.6359178423881531, 0.011450519799779168, 1759502793608103145, 
1.0733152627944946, 0.030898213386535645, 0.007710476698885144, 1759502793638139725, 
-0.3196485638618469, -0.5159288048744202, -0.014993232409098002, 1759502793669468881, 
-0.31353485584259033, 0.5879058837890625, -0.012577543982374146, 1759502793701014206, 
-0.021160900592803955, 0.17306679487228394, 0.003984262207345636, 1759502793728557337, 
0.1965741515159607, -0.535772442817688, 0.025219311660297915, 1759502793758373728, 
0.47592324018478394, 0.4512943625450134, 0.04115436492615338, 1759502793781815174, 
0.5207070112228394, 0.16935306787490845, 0.015596179742019588, 1759502793818480920, 
-0.19758492708206177, -0.47580385208129883, -0.009854528659092707, 1759502793848491594, 
-0.587539553642273, 0.3255513310432434, 0.00573001244314678, 1759502793878554498, 
0.41809749603271484, 0.26900333166122437, 0.014778836948703907, 1759502793909144326, 
-0.8231461644172668, -0.7026038765907288, -0.007551480631028687, 1759502793941504184, 
0.6858616471290588, 0.3073444366455078, -0.030384113838332467, 1759502793968692261, 
-0.2621520161628723, 0.24174386262893677, -0.029147354166325766, 1759502793998670931, 
-0.15652471780776978, -0.7500681281089783, -0.025122434301882837, 1759502794028855530, 
-0.6620600819587708, -0.39880889654159546, 0.013507819689054564, 1759502794057985464, 
0.265805184841156, 0.8557133078575134, -0.007850303522450239, 1759502794088840558, 
0.13442063331604004, -0.3088987469673157, -0.03849133236106047, 1759502794117957351, 
-0.17672741413116455, -0.11839741468429565, -0.011433538042057085, 1759502794150342907, 
-0.5696858167648315, 0.07600188255310059, -0.00858000997482529, 1759502794181154876, 
-0.46096712350845337, 0.20179808139801025, 0.009138153994320808, 1759502794217929787, 
-1.3367732763290405, -0.2612197995185852, 0.03751294521065982, 1759502794247963125, 
-0.6565690636634827, 0.018936097621917725, 0.021702491718399945, 1759502794279022388, 
-0.0492018461227417, -0.14461785554885864, 0.0014507802823061039, 1759502794309286643, 
2.5997982025146484, -0.2568696141242981, -0.027206749679085644, 1759502794341488315, 
1.0442540645599365, 0.1516079306602478, -0.029547514097471105, 1759502794369269034, 
0.552094042301178, -0.23890292644500732, 0.005314059946141423, 1759502794399180413, 
0.26819121837615967, 0.17795902490615845, 0.004870847226845684, 1759502794429255651, 
0.34943127632141113, -0.185987651348114, 0.03286160783916103, 1759502794449328787, 
0.7013754844665527, -0.312874436378479, 0.018575341647233096, 1759502794489333003, 
-2.3956522941589355, -0.05771416425704956, 0.028024506974920316, 1759502794519416940, 
0.24124020338058472, 0.38215959072113037, 0.038866447573785254, 1759502794549608103, 
-0.2241278886795044, -0.1332799792289734, 0.020805883531042794, 1759502794580562294, 
-0.1864258050918579, -0.6882792711257935, 0.0014101652177934266, 1759502794612080441, 
-0.31385737657546997, -0.4304439425468445, -0.0345768299959178, 1759502794649639743, 
-0.1779680848121643, 0.7826581597328186, -0.04046715483189883, 1759502794679609947, 
1.2291369438171387, -0.08665800094604492, 0.021242501345091216, 1759502794709656541, 
-0.5558519959449768, -0.20806050300598145, -0.0010491576682669888, 1759502794741258336, 
0.03923314809799194, 0.38627392053604126, -0.015092059121679298, 1759502794773175251, 
-0.31290680170059204, 0.5527009963989258, -0.015594309439546048, 1759502794809792074, 
0.06015855073928833, -0.4066157937049866, -0.0021853859303914208, 1759502794839871434, 
-0.24013859033584595, -0.07709753513336182, 0.023221282205917695, 1759502794870131011, 
0.4664749503135681, 0.5064812302589417, 0.033366414329987826, 1759502794901354768, 
-0.08362764120101929, 0.22859036922454834, -0.015978593445839507, 1759502794933649283, 
0.2342941164970398, -0.2584145665168762, -0.014928659857670796, 1759502794970023989, 
-0.9418708682060242, -0.06981605291366577, 0.013597437120228586, 1759502795000047314, 
1.0862029790878296, 0.5673842430114746, -0.007485722795218112, 1759502795030804680, 
-0.3943026065826416, -0.6119759678840637, -0.04265308321912584, 1759502795061285647, 
-0.22102075815200806, 0.1959242820739746, -0.03356092710761535, 1759502795093571386, 
-0.735521674156189, 0.4666173458099365, -0.014498522458082114, 1759502795130888748, 
0.36224865913391113, 0.11481344699859619, -0.0012322880847629796, 1759502795161025391, 
0.5320085883140564, -0.534512996673584, -0.019749423060160497, 1759502795189974047, 
-0.2769847512245178, 0.4486773610115051, -0.00501016615771982, 1759502795221383233, 
-0.12845474481582642, -0.1634179949760437, -0.00840524870544465, 1759502795253642460, 
0.304390013217926, -0.17661327123641968, 0.02290680462869249, 1759502795290792544, 
-0.05581855773925781, 0.048876166343688965, 0.04707266632344147, 1759502795320785892, 
0.4845786690711975, 0.3055795431137085, 0.01971864394285711, 1759502795349829846, 
-0.31097012758255005, -0.6189028024673462, -0.010080634606963991, 1759502795381335499, 
-0.07158231735229492, 0.04818779230117798, -0.002588841314154322, 1759502795413740042, 
-0.3458290696144104, 0.6120032668113708, 0.028622277082252564, 1759502795449934123, 
0.6463485956192017, 0.3253059983253479, 0.03616444481865965, 1759502795480874755, 
-0.14566045999526978, -0.7520263195037842, 0.009201894926183011, 1759502795510732498, 
-0.1512039303779602, 0.2895757555961609, -0.011419845387119754, 1759502795541226123, 
-0.31008774042129517, 0.2688869833946228, 0.004082209000973657, 1759502795573711860, 
1.0875324010849, 0.0673111081123352, 0.025285256724594123, 1759502795610912407, 
-0.17772895097732544, -0.5574153661727905, -0.010587207867985596, 1759502795641238440, 
0.5452470183372498, 0.49401360750198364, -0.021143858248603417, 1759502795671325021, 
0.30016010999679565, -0.10570156574249268, -0.01869496217152592, 1759502795701170956, 
-0.6198935508728027, -0.514689564704895, -0.002334087901212195, 1759502795733463342, 
0.387517511844635, 0.608309805393219, -0.007077282327766118, 1759502795761175371, 
-0.26135754585266113, -0.04171907901763916, -0.01568599915841643, 1759502795791228870, 
0.3769465684890747, -0.480674147605896, -0.008659663469149608, 1759502795821434036, 
-0.3841632604598999, -0.12138158082962036, 0.012059809461713781, 1759502795851442070, 
0.24892598390579224, 0.5108112692832947, 0.013534346606654991, 1759502795881578334, 
0.15641897916793823, -0.6328165531158447, 0.0075589284524655385, 1759502795911342613, 
-0.08166241645812988, -0.05702584981918335, -0.005446868833862805, 1759502795941606701, 
-0.3453967571258545, 0.4030744433403015, -0.01017650271876283, 1759502795974154936, 
0.3438846468925476, -0.6671966910362244, -0.013501957462332003, 1759502796003644040, 
-0.5699175596237183, 0.2216167449951172, 0.0022657109099118804, 1759502796031574318, 
0.5393509268760681, 0.3731800317764282, -0.0004884989572272289, 1759502796060507026, 
0.2380271553993225, -0.2685874104499817, -0.02631159373115657, 1759502796084176013, 
-0.020174741744995117, 0.40396541357040405, -0.03724382990679481, 1759502796121846369, 
-0.12566882371902466, 0.11659342050552368, -0.022871922071330923, 1759502796151609354, 
0.32582032680511475, -0.49963003396987915, 0.006500942486293812, 1759502796181705047, 
-0.05324524641036987, 0.4437054991722107, 0.021492289507033045, 1759502796213494235, 
-0.06836533546447754, 0.009418308734893799, 0.015259857924646096, 1759502796244378468, 
0.3926854729652405, -0.3195072412490845, 0.005830347098864108, 1759502796271871709, 
-0.32107073068618774, 0.4150645136833191, 0.02024077657694954, 1759502796301889962, 
-0.0866008996963501, -0.5932989120483398, 0.01863119878133542, 1759502796324677726, 
0.22922098636627197, 0.1685771942138672, 0.034889443825175316, 1759502796352165510, 
-0.10173076391220093, 0.6511697173118591, 0.024903774177159162, 1759502796382086085, 
0.023998737335205078, -0.45929569005966187, -0.0022561559121809373, 1759502796405257741, 
-1.7110271453857422, 0.6400024890899658, 0.00846924096646538, 1759502796432108204, 
-0.41884732246398926, -0.14107972383499146, 0.03150774482205344, 1759502796462060696, 
-2.0134990215301514, 0.057380735874176025, 0.015389431180622663, 1759502796485749616, 
-0.40139490365982056, 0.2298145890235901, 0.0020332806126748073, 1759502796512277401, 
-1.249394178390503, 0.129388689994812, 0.012849823865347196, 1759502796552231216, 
-0.93043053150177, -0.11446481943130493, -0.012957321781310956, 1759502796582489888, 
-0.9280298352241516, -0.08863884210586548, -0.0003422160978716482, 1759502796614027286, 
-0.5732713341712952, 0.17888987064361572, 0.018744557456387343, 1759502796645513862, 
0.12077546119689941, -0.021511614322662354, 0.04192683129277729, 1759502796672867380, 
0.3909189701080322, 0.01875549554824829, -0.0019789330308033564, 1759502796702505772, 
2.3360202312469482, 0.07276171445846558, -0.008204906872546998, 1759502796732711081, 
1.0834931135177612, -0.0419541597366333, 0.031687538944102034, 1759502796762853683, 
1.0990500450134277, 0.04284936189651489, 0.01300685267030322, 1759502796792711450, 
1.3578298091888428, -0.21021497249603271, -0.003962034572728991, 1759502796822602968, 
0.9583843946456909, -0.0731956958770752, -0.006103949211974316, 1759502796853348157, 
1.3321759700775146, 0.36526232957839966, -0.012235062442643907, 1759502796885814833, 
-0.3246162533760071, 0.17845112085342407, -0.014898558209636701, 1759502796912970940, 
1.5857582092285156, -0.39869385957717896, -0.013222815161270548, 1759502796942728888, 
0.23300772905349731, -0.23063409328460693, -0.010382759568576575, 1759502796972797600, 
0.7579936385154724, 0.7206390500068665, -0.02306879422083953, 1759502797002804448, 
-0.24801647663116455, -0.3726404905319214, -0.04578901302393533, 1759502797032889508, 
-0.47700512409210205, -1.0809440612792969, -0.038718530794532184, 1759502797061944321, 
-0.24457401037216187, 1.3503217697143555, 0.002674092562455203, 1759502797093416627, 
-0.2868947386741638, 0.20802730321884155, 0.008085194839158849, 1759502797125841800, 
0.4653330445289612, -1.2920602560043335, 0.026542330520646393, 1759502797153084179, 
-0.1359626054763794, 1.0054227113723755, 0.06326090821171985, 1759502797183049371, 
0.6004937887191772, -0.1541520357131958, 0.01578028264529691, 1759502797213087446, 
0.18733429908752441, -0.9310598969459534, -0.019507921261622572, 1759502797243259217, 
0.10820174217224121, 0.7632949352264404, 0.008032712030876897, 1759502797273205605, 
0.34824323654174805, 0.10138189792633057, -0.010750871723137136, 1759502797303488173, 
-0.029272615909576416, -0.5884025692939758, -0.03305793181271442, 1759502797333374310, 
-0.2872689962387085, 0.6942786574363708, -0.01983153355039608, 1759502797365625397, 
0.11330276727676392, -0.08087348937988281, 0.006810513247273821, 1759502797396165311, 
0.33234286308288574, -0.600744903087616, 0.0030539269093379836, 1759502797433433472, 
0.19639736413955688, 0.09498542547225952, -0.005115603470697727, 1759502797463575396, 
0.032949745655059814, 0.41379380226135254, 0.007734219770332027, 1759502797493662449, 
-0.14012950658798218, -0.5051565170288086, 0.017656670341635858, 1759502797525549199, 
-0.1810896396636963, 0.22154021263122559, 0.03548759438249527, 1759502797555439227, 
-0.08344978094100952, 0.4332706928253174, 0.02778644211467829, 1759502797593742363, 
0.19915539026260376, 0.7075618505477905, -0.007938287123526283, 1759502797622941063, 
-0.09089994430541992, -0.5020824074745178, 0.0070821759859996105, 1759502797652930087, 
-0.28474730253219604, -0.436697781085968, 0.03710911786761884, 1759502797685437095, 
0.193442702293396, 0.7289255261421204, 0.03385403571882278, 1759502797717274262, 
-0.4039732813835144, -0.6631807088851929, -0.009626110464365883, 1759502797742959951, 
0.11462670564651489, -0.3312857151031494, -0.025244462719297502, 1759502797773903198, 
-0.06227654218673706, -0.16875004768371582, -0.017583966002814224, 1759502797797331274, 
0.48276638984680176, -0.4658842086791992, -0.019584366129214225, 1759502797834007478, 
-0.44298481941223145, -0.2591242790222168, -0.018824969896208552, 1759502797864058096, 
0.9605807065963745, 0.832118034362793, -0.02312860575595303, 1759502797894073260, 
0.25461429357528687, -0.6914653778076172, -0.04679076476038628, 1759502797926573630, 
-0.10895854234695435, -0.43807607889175415, -0.04101078481136638, 1759502797957811822, 
-0.20994091033935547, 1.2690544128417969, 0.024371685770081735, 1759502797984326243, 
-0.17214781045913696, -0.8552249073982239, 0.02924913048570758, 1759502798014217253, 
0.19854354858398438, -0.6553907990455627, -0.006521143671172603, 1759502798044321280, 
-0.4788019061088562, 1.2577844858169556, 0.008563196163372696, 1759502798074348346, 
0.6137301325798035, -0.7090084552764893, -0.010663451296796479, 1759502798104734898, 
-0.13891816139221191, -0.4886753559112549, 0.01133049456914449, 1759502798134625390, 
0.19788247346878052, 1.0324615240097046, 0.03379726227229924, 1759502798165485727, 
-0.22126346826553345, -0.6200390458106995, -0.00934655728601407, 1759502798197290160, 
0.220076322555542, -0.18010497093200684, -0.026113794503150475, 1759502798224616362, 
-0.1699202060699463, 0.4307979941368103, -0.007043214554945874, 1759502798254691019, 
0.33193379640579224, -0.598551869392395, 0.008885720241105436, 1759502798283678148, 
0.1434040665626526, 0.12273865938186646, 0.019210141133157128, 1759502798313972601, 
-0.13957619667053223, 0.1681346297264099, 0.002562543102405248, 1759502798344720664, 
-0.029733777046203613, -0.46846073865890503, -0.018875892387155622, 1759502798375400985, 
-0.22138702869415283, 0.41251200437545776, -0.011394283202951732, 1759502798405869131, 
0.1929028034210205, -0.056416451930999756, 0.018626066447545955, 1759502798437306684, 
-0.05264836549758911, -0.6619179844856262, 0.02451770234286886, 1759502798465193340, 
-0.22769659757614136, -0.5405594706535339, 0.003899375289267348, 1759502798495382471, 
-0.25432074069976807, 0.7875262498855591, -0.004742589585186992, 1759502798525149733, 
0.13505065441131592, -0.30010759830474854, 0.012772558170410541, 1759502798555166101, 
-0.7045401930809021, -0.5395181775093079, 0.04398645955604814, 1759502798585485793, 
0.23847419023513794, 0.675808310508728, 0.04275969951022806, 1759502798615237778, 
-0.20369362831115723, -0.23027318716049194, -0.0006961937222313862, 1759502798645381897, 
-0.2581208348274231, -0.5038744807243347, 0.00958664873854256, 1759502798677505992, 
-0.0964055061340332, 0.849639892578125, 0.007142723221440139, 1759502798705279159, 
0.5937293767929077, -0.38326603174209595, -0.018404130416646028, 1759502798734936489, 
-0.292358934879303, -0.6248444318771362, -0.026604884765289768, 1759502798765915878, 
0.31576645374298096, 0.9529390335083008, -0.010828897299149189, 1759502798794948994, 
-0.1204405426979065, -0.3425409197807312, -0.03620781267355179, 1759502798824960182, 
-0.3719896078109741, -0.725508987903595, -0.02833751242810316, 1759502798855991245, 
-0.009964823722839355, 1.3090324401855469, -0.0015215317605729243, 1759502798886023985, 
-0.273271381855011, -0.5147277116775513, -0.0180311510824465, 1759502798918046472, 
0.275412917137146, -0.919567883014679, -0.0424159391717675, 1759502798948249331, 
-0.4453999996185303, 1.233222246170044, -0.0004797887991770854, 1759502798976570789, 
0.017988264560699463, -0.45183414220809937, -0.02001806980353573, 1759502799006049287, 
0.03502267599105835, -0.6101953983306885, -0.011605899101941076, 1759502799036062927, 
-0.1558195948600769, 1.1482412815093994, 0.02045920367997813, 1759502799066225271, 
0.02691507339477539, -0.35599780082702637, 0.028793071228528193, 1759502799096090955, 
0.03747481107711792, -0.4995088577270508, 0.0071561036456973875, 1759502799126134171, 
-0.2881065011024475, 0.725433349609375, -0.00807172923286857, 1759502799156948027, 
-0.1479274034500122, -0.5136555433273315, -0.01712137287842903, 1759502799189088026, 
0.04752403497695923, -0.7765214443206787, 0.012369830247160273, 1759502799226198046, 
-0.2922273874282837, 0.46987229585647583, 0.003028278022801824, 1759502799256223123, 
0.8571665287017822, 0.15241104364395142, 0.008414866493515312, 1759502799286271629, 
