x (m), y (m), th (rad), stamp, 
2.610797882080078, -2.9646658897399902, 1.0149359558395228, 1759502837478723738, 
2.610797882080078, -2.9646658897399902, 1.0149359558395228, 1759502837528527460, 
2.610797882080078, -2.9646658897399902, 1.0149359558395228, 1759502837578235063, 
2.610797882080078, -2.9646658897399902, 1.0149359558395228, 1759502837628134517, 
2.610797882080078, -2.9646658897399902, 1.014936101882019, 1759502837678224081, 
2.610797882080078, -2.9646658897399902, 1.014936101882019, 1759502837737969096, 
2.610797882080078, -2.9646658897399902, 1.014936101882019, 1759502837788736186, 
2.610797882080078, -2.9646658897399902, 1.014936101882019, 1759502837838060107, 
2.610797882080078, -2.9646658897399902, 1.014936101882019, 1759502837878198862, 
2.610797882080078, -2.9646658897399902, 1.014936101882019, 1759502837928309602, 
2.610797882080078, -2.9646658897399902, 1.014936101882019, 1759502837978095581, 
2.610797882080078, -2.9646658897399902, 1.014936101882019, 1759502838029240352, 
2.610797882080078, -2.9646658897399902, 1.014936101882019, 1759502838078242948, 
2.610797882080078, -2.9646658897399902, 1.014936101882019, 1759502838118466546, 
2.610797882080078, -2.9646658897399902, 1.014936101882019, 1759502838188674725, 
2.610797882080078, -2.9646658897399902, 1.014936101882019, 1759502838218288274, 
2.610797882080078, -2.9646658897399902, 1.014936101882019, 1759502838277975210, 
2.610797882080078, -2.9646658897399902, 1.014936101882019, 1759502838328165117, 
2.610797882080078, -2.9646658897399902, 1.014936101882019, 1759502838378144273, 
2.610797882080078, -2.9646658897399902, 1.014936101882019, 1759502838428300797, 
2.610797882080078, -2.9646658897399902, 1.014936101882019, 1759502838478386340, 
2.610797882080078, -2.9646658897399902, 1.014936101882019, 1759502838519741035, 
2.610797882080078, -2.9646658897399902, 1.014936101882019, 1759502838588163063, 
2.610797882080078, -2.9646658897399902, 1.014936101882019, 1759502838618128842, 
2.610797882080078, -2.9646658897399902, 1.014936101882019, 1759502838679388769, 
2.610797882080078, -2.9646658897399902, 1.014936101882019, 1759502838728204251, 
2.610797882080078, -2.9646658897399902, 1.014936101882019, 1759502838778190826, 
2.610797882080078, -2.9646658897399902, 1.014936101882019, 1759502838828289694, 
2.610797882080078, -2.9646658897399902, 1.014936101882019, 1759502838878313202, 
2.610797882080078, -2.9646658897399902, 1.014936101882019, 1759502838919029686, 
2.610797882080078, -2.9646658897399902, 1.014936101882019, 1759502838988558157, 
2.610797882080078, -2.9646658897399902, 1.014936101882019, 1759502839018694266, 
2.610797882080078, -2.9646658897399902, 1.014936101882019, 1759502839068471806, 
2.610797882080078, -2.9646658897399902, 1.014936101882019, 1759502839128545745, 
2.610797882080078, -2.9646658897399902, 1.014936101882019, 1759502839178314516, 
2.610797882080078, -2.9646658897399902, 1.014936101882019, 1759502839228154230, 
2.610797882080078, -2.9646658897399902, 1.014936101882019, 1759502839279322525, 
2.610797882080078, -2.9646658897399902, 1.014936101882019, 1759502839318086494, 
2.610797882080078, -2.9646658897399902, 1.014936101882019, 1759502839368844389, 
2.610797882080078, -2.9646658897399902, 1.014936101882019, 1759502839414479928, 
2.6110339164733887, -2.9644651412963867, 1.0173216897869897, 1759502839482375389, 
2.6124825477600098, -2.9616291522979736, 1.0268820426658984, 1759502839533211204, 
2.6144981384277344, -2.9588723182678223, 1.0353646389956999, 1759502839574319157, 
2.6162376403808594, -2.955535888671875, 1.0424674427520597, 1759502839628128175, 
2.61747670173645, -2.9534261226654053, 1.0509320188650073, 1759502839673274693, 
2.6188254356384277, -2.9512624740600586, 1.0627292444294125, 1759502839723780981, 
2.6198203563690186, -2.948760986328125, 1.0746241856307537, 1759502839773794407, 
2.621103286743164, -2.946916341781616, 1.0836529463591873, 1759502839812956991, 
2.622997999191284, -2.942908525466919, 1.0969590421855246, 1759502839883396891, 
2.6244547367095947, -2.9402976036071777, 1.1052123171901589, 1759502839933192798, 
2.6254870891571045, -2.9382593631744385, 1.1139691088961257, 1759502839974173091, 
2.6266324520111084, -2.935565710067749, 1.1270708358184955, 1759502840028137432, 
2.6280980110168457, -2.932873010635376, 1.137523921678134, 1759502840079344012, 
2.6291234493255615, -2.9306321144104004, 1.1450668445354297, 1759502840118257528, 
2.6307857036590576, -2.926598310470581, 1.1584696956579688, 1759502840188884776, 
2.631589889526367, -2.924903631210327, 1.163717820494272, 1759502840218830631, 
2.6329047679901123, -2.921696662902832, 1.1763958838813842, 1759502840277920049, 
2.6340651512145996, -2.9191019535064697, 1.1871589204685187, 1759502840328217817, 
2.6352157592773438, -2.9163177013397217, 1.197642811323775, 1759502840378164871, 
2.6362528800964355, -2.9133260250091553, 1.2076309879344178, 1759502840427195714, 
2.6373727321624756, -2.9105780124664307, 1.216325346355173, 1759502840479462486, 
2.638152599334717, -2.9083399772644043, 1.223799228757859, 1759502840518429415, 
2.639516592025757, -2.9046378135681152, 1.2384919845072986, 1759502840588857002, 
2.6400985717773438, -2.90309739112854, 1.2450661299601606, 1759502840618016323, 
2.64117169380188, -2.899627923965454, 1.257961276554904, 1759502840678789664, 
2.6421101093292236, -2.89680814743042, 1.2671732998931822, 1759502840728155896, 
2.6430015563964844, -2.894040584564209, 1.2765551505927406, 1759502840778167876, 
2.643702745437622, -2.8913044929504395, 1.287005937195543, 1759502840828177845, 
2.644582748413086, -2.888657569885254, 1.2966859943848816, 1759502840874369003, 
2.645303964614868, -2.8860108852386475, 1.3059859217904897, 1759502840917960613, 
2.6458797454833984, -2.8832767009735107, 1.3160674328070028, 1759502840968389646, 
2.6467363834381104, -2.88042950630188, 1.3259429213162715, 1759502841018726499, 
2.6474609375, -2.8768560886383057, 1.3371662416725512, 1759502841078409730, 
2.6482279300689697, -2.8740761280059814, 1.3470336655882393, 1759502841128333406, 
2.6488401889801025, -2.871149778366089, 1.3577150369559852, 1759502841178360721, 
2.6494243144989014, -2.868274211883545, 1.3678626430890863, 1759502841229150633, 
2.6500134468078613, -2.865588665008545, 1.3767672076771806, 1759502841274473203, 
2.650667428970337, -2.8616771697998047, 1.3886476478064445, 1759502841338647357, 
2.6512579917907715, -2.858752489089966, 1.3988961107415963, 1759502841389315567, 
2.651632785797119, -2.85681414604187, 1.4054061714235133, 1759502841417942151, 
2.6520204544067383, -2.8532674312591553, 1.4168415881267882, 1759502841478394174, 
2.6525332927703857, -2.850353479385376, 1.4266895070662509, 1759502841528215068, 
2.6528830528259277, -2.8475823402404785, 1.4372515547627478, 1759502841578209486, 
2.6532323360443115, -2.8446238040924072, 1.4476899500636289, 1759502841629423983, 
2.653688669204712, -2.841723918914795, 1.457704554276418, 1759502841675229741, 
2.6538689136505127, -2.8392581939697266, 1.466696608926457, 1759502841718034961, 
2.654308557510376, -2.835113286972046, 1.481246028862687, 1759502841789265122, 
2.654583692550659, -2.832432508468628, 1.4909986957510346, 1759502841835804726, 
2.654662847518921, -2.8298428058624268, 1.4995322116237533, 1759502841878056423, 
2.655097246170044, -2.826791524887085, 1.5096792475270022, 1759502841928154912, 
2.655245542526245, -2.823850631713867, 1.5194998871709218, 1759502841978201591, 
2.655223846435547, -2.8211450576782227, 1.528778306247135, 1759502842025215262, 
2.6554486751556396, -2.8180062770843506, 1.5403370354311074, 1759502842076258361, 
2.6554739475250244, -2.815556287765503, 1.5488547822779357, 1759502842118383600, 
2.6556477546691895, -2.8117194175720215, 1.561750958353193, 1759502842186208305, 
2.6556906700134277, -2.8087222576141357, 1.5712678796015893, 1759502842236072328, 
2.655546188354492, -2.8061938285827637, 1.578661515096088, 1759502842278812791, 
2.655604600906372, -2.803238868713379, 1.5889152797393562, 1759502842328218391, 
2.6554336547851562, -2.800370931625366, 1.5990250700889597, 1759502842378225643, 
2.655348062515259, -2.7976391315460205, 1.6086560198360018, 1759502842426231470, 
2.6554129123687744, -2.794663906097412, 1.6190875385707733, 1759502842476595752, 
2.655092239379883, -2.790794849395752, 1.6311282443916935, 1759502842538823236, 
2.655073642730713, -2.7891619205474854, 1.6369585457180258, 1759502842568522480, 
2.654878616333008, -2.785950183868408, 1.646525130310965, 1759502842618452760, 
2.6545422077178955, -2.7824478149414062, 1.6578708783978149, 1759502842678404888, 
2.6544342041015625, -2.7797012329101562, 1.6681989102542063, 1759502842728266244, 
2.65413236618042, -2.7769052982330322, 1.6790942839358125, 1759502842779343905, 
2.653844118118286, -2.7739381790161133, 1.6883006466884491, 1759502842826232554, 
2.6535582542419434, -2.7709970474243164, 1.6984468919601283, 1759502842876305595, 
2.6531198024749756, -2.7685673236846924, 1.7072729813388863, 1759502842919331102, 
2.652604818344116, -2.7645509243011475, 1.7211266723885899, 1759502842987086171, 
2.652357816696167, -2.7625625133514404, 1.7280866519733755, 1759502843020638531, 
2.651660442352295, -2.758997678756714, 1.7398389908952099, 1759502843079340685, 
2.6512465476989746, -2.7559804916381836, 1.7493122004231783, 1759502843130159832, 
2.650630474090576, -2.753063917160034, 1.7594326109286393, 1759502843180482590, 
2.6500439643859863, -2.750342607498169, 1.768404155991606, 1759502843227729861, 
2.6494357585906982, -2.7473042011260986, 1.7794365058438648, 1759502843277966160, 
2.648918390274048, -2.7449145317077637, 1.7882323843623598, 1759502843318175335, 
2.6483042240142822, -2.742033004760742, 1.7976052148121249, 1759502843368639940, 
2.6475892066955566, -2.739025592803955, 1.8076417474314157, 1759502843418781991, 
2.646704912185669, -2.7356185913085938, 1.8195798067774416, 1759502843478504054, 
2.6460225582122803, -2.732656717300415, 1.8299060562972593, 1759502843529542995, 
2.6451690196990967, -2.7298429012298584, 1.8404583059758197, 1759502843578689939, 
2.644399881362915, -2.727046012878418, 1.8503291171189375, 1759502843627951851, 
2.64359450340271, -2.7241315841674805, 1.8603737085231526, 1759502843678518795, 
2.6427695751190186, -2.7218360900878906, 1.8679398869975055, 1759502843718307419, 
2.642045259475708, -2.7190802097320557, 1.8783082896880685, 1759502843769524643, 
2.641132116317749, -2.7163455486297607, 1.8888896600661083, 1759502843818807982, 
2.6399502754211426, -2.7128844261169434, 1.9009416855791277, 1759502843878442541, 
2.6390678882598877, -2.709961414337158, 1.9108371605661478, 1759502843928141853, 
2.637856960296631, -2.7071139812469482, 1.9199556811800098, 1759502843977943059, 
2.63688063621521, -2.704333543777466, 1.9301274353468212, 1759502844028460521, 
2.6358864307403564, -2.701540946960449, 1.9403858884341032, 1759502844078423749, 
2.6345160007476807, -2.698383331298828, 1.9524265843653847, 1759502844138505855, 
2.6338748931884766, -2.6966042518615723, 1.9586434834023978, 1759502844169326327, 
2.6321489810943604, -2.6925735473632812, 1.9717442245036843, 1759502844238326902, 
2.631244659423828, -2.6903655529022217, 1.979279609946381, 1759502844278217561, 
2.6301519870758057, -2.6875500679016113, 1.99026625680197, 1759502844329691772, 
2.6287827491760254, -2.684924364089966, 1.99966718805471, 1759502844378214147, 
2.627556562423706, -2.6822428703308105, 2.0100923415640457, 1759502844428241625, 
2.6263175010681152, -2.6793935298919678, 2.020171193872096, 1759502844478304339, 
2.625098466873169, -2.677182197570801, 2.027141600842976, 1759502844518895986, 
2.6237998008728027, -2.6744813919067383, 2.0372119286426877, 1759502844569840462, 
2.62195086479187, -2.671111583709717, 2.0517644131790225, 1759502844638459627, 
2.6208817958831787, -2.669037342071533, 2.060287441501258, 1759502844678272602, 
2.619565963745117, -2.6662158966064453, 2.0712976521350615, 1759502844729321455, 
2.6180450916290283, -2.663710832595825, 2.080593154598418, 1759502844778179454, 
2.616626024246216, -2.6609294414520264, 2.0902626370227595, 1759502844828193474, 
2.6151225566864014, -2.658238172531128, 2.1004192708505727, 1759502844878344377, 
2.613861322402954, -2.6562774181365967, 2.1083391632147683, 1759502844918138924, 
2.6125028133392334, -2.653653860092163, 2.118858583610073, 1759502844967959579, 
2.6109747886657715, -2.6513237953186035, 2.1286540074112503, 1759502845018405566, 
2.6089396476745605, -2.6480343341827393, 2.1396184612532485, 1759502845079179397, 
2.6073379516601562, -2.6454763412475586, 2.1485747822997596, 1759502845128246072, 
2.6055991649627686, -2.6430234909057617, 2.1578445948604204, 1759502845178224865, 
2.604133367538452, -2.6407086849212646, 2.1678773450425974, 1759502845228167462, 
2.6024186611175537, -2.6382601261138916, 2.177987082022518, 1759502845278586488, 
2.6009647846221924, -2.6362645626068115, 2.1861483586599113, 1759502845318260937, 
2.599351406097412, -2.633779287338257, 2.1957895577105484, 1759502845368579801, 
2.5968093872070312, -2.6303884983062744, 2.2091235621503125, 1759502845438490866, 
2.5954809188842773, -2.628577709197998, 2.21685886610904, 1759502845478360694, 
2.5937955379486084, -2.6262543201446533, 2.2281840670596718, 1759502845528269127, 
2.5919785499572754, -2.624077558517456, 2.2388814438983853, 1759502845578200354, 
2.5902674198150635, -2.621769428253174, 2.2484069759477405, 1759502845628197964, 
2.588325262069702, -2.6194114685058594, 2.2585926757587362, 1759502845678634107, 
2.586635112762451, -2.6174631118774414, 2.2664407853347246, 1759502845719148210, 
2.584852457046509, -2.6151785850524902, 2.276243059331985, 1759502845768140901, 
2.5829548835754395, -2.6130025386810303, 2.2870994743411694, 1759502845818346826, 
2.5806381702423096, -2.61039400100708, 2.298899157648159, 1759502845879874152, 
2.5786185264587402, -2.6081011295318604, 2.308630279614313, 1759502845928308843, 
2.576425313949585, -2.6058080196380615, 2.3184772001233727, 1759502845978230891, 
2.574441909790039, -2.603536367416382, 2.3279490717663665, 1759502846028210421, 
2.572404384613037, -2.601473331451416, 2.338607697653343, 1759502846078400658, 
2.570768356323242, -2.5998330116271973, 2.347506940700515, 1759502846120191800, 
2.568751335144043, -2.5976946353912354, 2.357355912617466, 1759502846168304342, 
2.5657804012298584, -2.594862699508667, 2.3718659395385773, 1759502846239553854, 
2.5639142990112305, -2.5929601192474365, 2.379324910852665, 1759502846279774219, 
2.561764717102051, -2.590883255004883, 2.3881759873924633, 1759502846328223652, 
2.559657573699951, -2.589049816131592, 2.3979271492430123, 1759502846378424269, 
2.557680130004883, -2.5870792865753174, 2.409329334013869, 1759502846428216664, 
2.5553948879241943, -2.5851314067840576, 2.420043213106781, 1759502846479661530, 
2.553598403930664, -2.58355450630188, 2.427748634636654, 1759502846518369024, 
2.550712823867798, -2.5809402465820312, 2.440814926771333, 1759502846584236777, 
2.548384428024292, -2.579155921936035, 2.45093542181352, 1759502846635035011, 
2.5463242530822754, -2.5773603916168213, 2.4607714830243093, 1759502846682126132, 
2.5438950061798096, -2.575549364089966, 2.4707734563067336, 1759502846732250111, 
2.541888952255249, -2.5740654468536377, 2.479236190180706, 1759502846774197807, 
2.539625644683838, -2.5721547603607178, 2.4887533602970056, 1759502846824405499, 
2.537478446960449, -2.570627212524414, 2.496679980471658, 1759502846875449743, 
2.5370421409606934, -2.570134162902832, 2.4993678254475693, 1759502846934338369, 
2.5374085903167725, -2.570411205291748, 2.500746017492505, 1759502846973656629, 
2.537322521209717, -2.570284366607666, 2.5010559656737006, 1759502847038417837, 
2.5370378494262695, -2.5702579021453857, 2.5010559656737006, 1759502847079476019, 
2.534729480743408, -2.5686821937561035, 2.511284152087367, 1759502847128425113, 
2.5315449237823486, -2.56624698638916, 2.5236346035352497, 1759502847178409144, 
2.528721809387207, -2.564362049102783, 2.534680108574337, 1759502847228231698, 
2.526318073272705, -2.562356472015381, 2.546005040817727, 1759502847279690077, 
2.5245540142059326, -2.5612244606018066, 2.5528021365765237, 1759502847318235599, 
2.5225279331207275, -2.5599234104156494, 2.559234818515551, 1759502847368855081, 
2.520170211791992, -2.558117389678955, 2.5699110463111436, 1759502847418050425, 
2.5167391300201416, -2.5562193393707275, 2.581778548797571, 1759502847478243245, 
2.514415740966797, -2.5544826984405518, 2.5924068304345735, 1759502847528246198, 
2.5120532512664795, -2.552932024002075, 2.60263257039011, 1759502847578218944, 
2.509641170501709, -2.551547050476074, 2.6128251971418948, 1759502847629471099, 
2.5068299770355225, -2.5497512817382812, 2.623822769132377, 1759502847680409727, 
2.5037176609039307, -2.5481364727020264, 2.635591042110202, 1759502847738185348, 
2.502333402633667, -2.5473334789276123, 2.6415200176875078, 1759502847768664452, 
2.4998250007629395, -2.5457353591918945, 2.652368586678881, 1759502847818355945, 
2.4966132640838623, -2.5441253185272217, 2.6642372322126624, 1759502847878602668, 
2.4941186904907227, -2.542529582977295, 2.6746268522514525, 1759502847928366822, 
2.4918594360351562, -2.541489601135254, 2.6833381704435944, 1759502847978247805, 
2.4912266731262207, -2.5411605834960938, 2.6854628751177927, 1759502848028241759, 
2.4916114807128906, -2.541149616241455, 2.6884275845357757, 1759502848073247799, 
2.491729259490967, -2.54135799407959, 2.6884275845357757, 1759502848119288762, 
2.4908297061920166, -2.540893077850342, 2.6922027851093513, 1759502848188851794, 
2.489057779312134, -2.5400543212890625, 2.697426857782129, 1759502848218508676, 
2.4849774837493896, -2.538137197494507, 2.711267687585468, 1759502848278523265, 
2.4819469451904297, -2.5366761684417725, 2.723534126287679, 1759502848328514994, 
2.4794771671295166, -2.5353946685791016, 2.734335975314957, 1759502848378291596, 
2.4769773483276367, -2.5343854427337646, 2.741382578368088, 1759502848429298990, 
2.4745912551879883, -2.533320665359497, 2.749836418364697, 1759502848474471578, 
2.470844030380249, -2.531895399093628, 2.7626681492674896, 1759502848538207045, 
2.4680798053741455, -2.5308096408843994, 2.773338273985603, 1759502848589085171, 
2.4664885997772217, -2.5302016735076904, 2.7791042062941234, 1759502848618801494, 
2.4638679027557373, -2.529149293899536, 2.7896657564246397, 1759502848669717577, 
2.4604923725128174, -2.527989625930786, 2.801265689266562, 1759502848728403367, 
2.45778489112854, -2.526951551437378, 2.8107633910936642, 1759502848778314583, 
2.45497465133667, -2.526110887527466, 2.8208873472322087, 1759502848829466072, 
2.4524261951446533, -2.525217056274414, 2.829677586674843, 1759502848875287204, 
2.450124979019165, -2.5243725776672363, 2.8389654221885494, 1759502848918736730, 
2.4471895694732666, -2.5234732627868652, 2.849434851199304, 1759502848969578888, 
2.444523334503174, -2.522550582885742, 2.859137825617822, 1759502849018383011, 
2.4407541751861572, -2.52158522605896, 2.871284720966017, 1759502849078256863, 
2.4379570484161377, -2.5208237171173096, 2.8814723099052575, 1759502849128364291, 
2.43521785736084, -2.5199966430664062, 2.892334952696808, 1759502849178244901, 
2.432365894317627, -2.5193440914154053, 2.9034034735160743, 1759502849230359774, 
2.4296038150787354, -2.5186023712158203, 2.9125516014669532, 1759502849276228154, 
2.4271063804626465, -2.517996072769165, 2.920634268888134, 1759502849318315625, 
2.424124002456665, -2.5174591541290283, 2.9300651788843237, 1759502849368333772, 
2.4201419353485107, -2.5164971351623535, 2.944107034612445, 1759502849436833980, 
2.4176814556121826, -2.5160648822784424, 2.9527258611554728, 1759502849478644096, 
2.414832830429077, -2.515556812286377, 2.963079909353758, 1759502849528277665, 
2.4118566513061523, -2.5148415565490723, 2.973022681116464, 1759502849578339313, 
2.40907883644104, -2.514509677886963, 2.9815637876743035, 1759502849626442290, 
2.4061477184295654, -2.513970136642456, 2.991659404397725, 1759502849676656322, 
2.4036426544189453, -2.513566493988037, 3.0007231571201336, 1759502849719400371, 
2.400749444961548, -2.513310194015503, 3.0104997363945607, 1759502849768145650, 
2.3978588581085205, -2.512741804122925, 3.0209112006679817, 1759502849818912282, 
2.3943569660186768, -2.512366533279419, 3.032083281579175, 1759502849879847505, 
2.391392707824707, -2.512012481689453, 3.041901357959548, 1759502849929406262, 
2.3884849548339844, -2.511657476425171, 3.05265688809025, 1759502849979221539, 
2.3857479095458984, -2.5115787982940674, 3.0622026924998225, 1759502850027225058, 
2.3827924728393555, -2.5111987590789795, 3.0726969138935845, 1759502850077302271, 
2.3803303241729736, -2.5109024047851562, 3.0808205515832707, 1759502850118491498, 
2.3772547245025635, -2.5107882022857666, 3.0895643158590036, 1759502850169241521, 
2.37436842918396, -2.5105276107788086, 3.099022625985643, 1759502850219605497, 
2.370870590209961, -2.510542392730713, 3.110915656825961, 1759502850279387024, 
2.3679287433624268, -2.5104424953460693, 3.12093830190126, 1759502850330746449, 
2.3649396896362305, -2.510283946990967, 3.1310577384368217, 1759502850380588950, 
2.362065076828003, -2.51041841506958, 3.1391532422803925, 1759502850427590281, 
2.35904860496521, -2.510277271270752, -3.1343171596381536, 1759502850477087383, 
2.356478691101074, -2.5103235244750977, -3.125771283221264, 1759502850519067559, 
2.353546619415283, -2.5105581283569336, -3.1154682638682303, 1759502850570747118, 
2.3505289554595947, -2.5104713439941406, -3.104760403936671, 1759502850621255087, 
2.3470001220703125, -2.510631799697876, -3.0942692799962663, 1759502850679730382, 
2.344118118286133, -2.5106756687164307, -3.084984304462238, 1759502850729879361, 
2.3415210247039795, -2.510748863220215, -3.0753424119867345, 1759502850778659494, 
2.3409550189971924, -2.510610342025757, -3.0705132551107712, 1759502850828172397, 
2.341595411300659, -2.510624408721924, -3.069037914492056, 1759502850878525432, 
2.33962082862854, -2.5109972953796387, -3.063597910082938, 1759502850918372199, 
2.336580276489258, -2.5111911296844482, -3.0528440556308376, 1759502850968764666, 
2.3326096534729004, -2.511716604232788, -3.040975088884627, 1759502851018550490, 
2.3289201259613037, -2.512035608291626, -3.0252363648844387, 1759502851078047869, 
2.3262388706207275, -2.512240409851074, -3.016491420197951, 1759502851129535106, 
2.3235809803009033, -2.5127511024475098, -3.0095941904814474, 1759502851178123589, 
2.320678949356079, -2.513031005859375, -2.9990184242636104, 1759502851228775510, 
2.3178486824035645, -2.513460159301758, -2.988449339058744, 1759502851278669669, 
2.3155083656311035, -2.5138843059539795, -2.979974009899692, 1759502851318151111, 
2.312546491622925, -2.5143706798553467, -2.9707491118149574, 1759502851369473477, 
2.3094730377197266, -2.51481556892395, -2.961029789976648, 1759502851418256449, 
2.305921792984009, -2.515460968017578, -2.9494273713955046, 1759502851479372511, 
2.303144931793213, -2.5159621238708496, -2.9399101932703426, 1759502851529839279, 
2.300480604171753, -2.5166964530944824, -2.9295125332520677, 1759502851578858409, 
2.2973439693450928, -2.5172994136810303, -2.9200110464496913, 1759502851629286228, 
2.29475998878479, -2.5177459716796875, -2.9117183892759493, 1759502851678389664, 
2.2939586639404297, -2.517951726913452, -2.9089486640510946, 1759502851719413488, 
2.2938127517700195, -2.517895221710205, -2.9089372014078094, 1759502851768987708, 
2.2908859252929688, -2.518749952316284, -2.8998720936997358, 1759502851839881154, 
2.2881407737731934, -2.5193839073181152, -2.8910898924435693, 1759502851878423840, 
2.2847673892974854, -2.5202486515045166, -2.8793656707975512, 1759502851930283797, 
2.282139539718628, -2.5209176540374756, -2.8693082245437185, 1759502851978392033, 
2.2793190479278564, -2.521644353866577, -2.859082939545255, 1759502852028393224, 
2.2762367725372314, -2.522531747817993, -2.849633669134784, 1759502852079494347, 
2.273859739303589, -2.523129463195801, -2.841952816983786, 1759502852119504502, 
2.2700819969177246, -2.524425506591797, -2.827354960267769, 1759502852187955028, 
2.268418788909912, -2.524942398071289, -2.820919759798388, 1759502852218776485, 
2.264988899230957, -2.5258584022521973, -2.8078332499016, 1759502852279285197, 
2.262040853500366, -2.5269691944122314, -2.798022771840711, 1759502852328465656, 
2.2591593265533447, -2.527937650680542, -2.7883703592792264, 1759502852378309646, 
2.256333589553833, -2.528998851776123, -2.7786030996769275, 1759502852428277744, 
2.2536942958831787, -2.530076742172241, -2.7678301257849673, 1759502852479339124, 
2.2514595985412598, -2.530815839767456, -2.7591309918460496, 1759502852519444980, 
2.2486815452575684, -2.5319607257843018, -2.748956912821265, 1759502852569542957, 
2.2447476387023926, -2.5335984230041504, -2.7350301203932146, 1759502852639643107, 
2.242504358291626, -2.534496784210205, -2.7272632228378333, 1759502852678284295, 
2.2398271560668945, -2.535820245742798, -2.7177767149009657, 1759502852728500942, 
2.237096071243286, -2.5369532108306885, -2.7069456908166694, 1759502852778274806, 
2.234459400177002, -2.5381834506988525, -2.6969682349920747, 1759502852828272074, 
2.232076644897461, -2.5394718647003174, -2.686500819401091, 1759502852879299401, 
2.2296721935272217, -2.5404791831970215, -2.6784009573999588, 1759502852919527043, 
2.2260899543762207, -2.5423898696899414, -2.6659909248700817, 1759502852989282708, 
2.224534511566162, -2.543147325515747, -2.6602660899891455, 1759502853018253732, 
2.221902847290039, -2.544401168823242, -2.6494691560325827, 1759502853068251264, 
2.21880841255188, -2.546295642852783, -2.6372192330975697, 1759502853129278574, 
2.2161996364593506, -2.5476138591766357, -2.627010746928287, 1759502853178438451, 
2.2136387825012207, -2.54907488822937, -2.617376599558164, 1759502853228438957, 
2.2110280990600586, -2.5505897998809814, -2.6080693037470852, 1759502853279255746, 
2.208878517150879, -2.5516974925994873, -2.600217335614603, 1759502853319551959, 
2.2064833641052246, -2.553271770477295, -2.5907502246157104, 1759502853368429783, 
2.202918529510498, -2.555434226989746, -2.5765222356103603, 1759502853439835558, 
2.2014663219451904, -2.556290626525879, -2.5707479562415294, 1759502853468361115, 
2.198406219482422, -2.5584187507629395, -2.559249453178819, 1759502853529490809, 
2.195859670639038, -2.559946298599243, -2.5495321630915986, 1759502853578304218, 
2.193362236022949, -2.5617427825927734, -2.539668530936806, 1759502853629283756, 
2.190941572189331, -2.563386917114258, -2.5293925162639495, 1759502853679268380, 
2.189030885696411, -2.564685583114624, -2.5217107216124397, 1759502853719502641, 
2.1856942176818848, -2.5671823024749756, -2.507378317343085, 1759502853787973862, 
2.183234691619873, -2.568892478942871, -2.4972243796892224, 1759502853839789683, 
2.181300401687622, -2.5703818798065186, -2.4893803244662327, 1759502853879336330, 
2.1790473461151123, -2.5722789764404297, -2.478893291708303, 1759502853928272798, 
2.176649570465088, -2.5740010738372803, -2.468469396309164, 1759502853978519685, 
2.1743738651275635, -2.5758678913116455, -2.4578680888742745, 1759502854028269114, 
2.1725292205810547, -2.577263593673706, -2.448355788378099, 1759502854079441370, 
2.1720616817474365, -2.5775442123413086, -2.447118794569785, 1759502854119424366, 
2.172268867492676, -2.5772275924682617, -2.447118794569785, 1759502854189072628, 
2.172426223754883, -2.57717227935791, -2.447221432965022, 1759502854218388782, 
2.1722710132598877, -2.577366590499878, -2.445872207747155, 1759502854279882373, 
2.170274019241333, -2.57918643951416, -2.4374027016404702, 1759502854328338370, 
2.1672933101654053, -2.5817668437957764, -2.425446499553514, 1759502854378268823, 
2.1647260189056396, -2.583845615386963, -2.413337283438941, 1759502854429263561, 
2.1627299785614014, -2.58563232421875, -2.402626098126458, 1759502854479216434, 
2.161210060119629, -2.587114095687866, -2.396207771755707, 1759502854519323853, 
2.1590709686279297, -2.5889337062835693, -2.387108261844998, 1759502854569681750, 
2.156017780303955, -2.591947555541992, -2.3723736960503525, 1759502854637969002, 
2.154270648956299, -2.593527317047119, -2.3645300715337076, 1759502854678950539, 
2.152069568634033, -2.5956263542175293, -2.354511886967021, 1759502854728359055, 
2.150080442428589, -2.5978384017944336, -2.3441438077859336, 1759502854779353790, 
2.147982597351074, -2.599829912185669, -2.3342901065696937, 1759502854828268875, 
2.1459383964538574, -2.601940870285034, -2.3234114641220556, 1759502854880313218, 
2.1443655490875244, -2.6037139892578125, -2.3158272597371568, 1759502854919281219, 
2.142317771911621, -2.6057956218719482, -2.3063295158305444, 1759502854969246993, 
2.140404224395752, -2.6080641746520996, -2.2962485005799067, 1759502855018199793, 
2.1381375789642334, -2.6106529235839844, -2.2844313016985245, 1759502855079484963, 
2.136141538619995, -2.6128392219543457, -2.2734355954480896, 1759502855129306708, 
2.1343131065368652, -2.615112066268921, -2.2632621598746483, 1759502855179359868, 
2.1323482990264893, -2.617309331893921, -2.253111441788633, 1759502855229330457, 
2.1304609775543213, -2.6196706295013428, -2.242729089483448, 1759502855280289348, 
2.1290664672851562, -2.6216957569122314, -2.2347269195389736, 1759502855319523567, 
2.1264913082122803, -2.6247901916503906, -2.2200313267936336, 1759502855388308987, 
2.125481128692627, -2.626255512237549, -2.2138406231757615, 1759502855418738957, 
2.1232657432556152, -2.6289994716644287, -2.201199746354305, 1759502855479625399, 
2.121434450149536, -2.6314148902893066, -2.1911872520049336, 1759502855529352828, 
2.119845390319824, -2.6339845657348633, -2.181784500461282, 1759502855578356565, 
2.1179606914520264, -2.6363463401794434, -2.170946046703245, 1759502855629443231, 
2.1165518760681152, -2.6385574340820312, -2.1618068420562513, 1759502855674443155, 
2.1152477264404297, -2.640772581100464, -2.152156573325266, 1759502855719518145, 
2.112748384475708, -2.644303560256958, -2.138201202739344, 1759502855789197311, 
2.1119191646575928, -2.6458866596221924, -2.132993682813246, 1759502855818419051, 
2.1099507808685303, -2.648804187774658, -2.1212184930134113, 1759502855879745125, 
2.10843563079834, -2.651285409927368, -2.111151626609578, 1759502855929278522, 
2.107168197631836, -2.653825044631958, -2.1012752700408095, 1759502855978426942, 
2.1054906845092773, -2.6563141345977783, -2.090442052786471, 1759502856029298361, 
2.104166269302368, -2.658693790435791, -2.081823314040908, 1759502856075409778, 
2.1029748916625977, -2.660954713821411, -2.0735658259780863, 1759502856119665583, 
2.1008803844451904, -2.664593458175659, -2.0585570863905938, 1759502856190246406, 
2.1002197265625, -2.6661579608917236, -2.052568774513705, 1759502856219762417, 
2.0988399982452393, -2.6686744689941406, -2.042275958422777, 1759502856269243730, 
2.097064256668091, -2.6718599796295166, -2.0306144163074005, 1759502856329298998, 
2.095850706100464, -2.674558401107788, -2.021670248583172, 1759502856379347841, 
2.0945165157318115, -2.677165985107422, -2.0121698301659694, 1759502856430294367, 
2.093475818634033, -2.679731845855713, -2.0028279423457893, 1759502856476297039, 
2.092498540878296, -2.6819534301757812, -1.9936717093403626, 1759502856519354125, 
2.0912721157073975, -2.6846718788146973, -1.9839911838083832, 1759502856569724670, 
2.090090751647949, -2.687509298324585, -1.9739302088474664, 1759502856619049250, 
2.0885355472564697, -2.690890312194824, -1.962760492591641, 1759502856679198048, 
2.0874924659729004, -2.6934826374053955, -1.953205202279213, 1759502856728310545, 
2.0863289833068848, -2.6964831352233887, -1.9423761951048324, 1759502856779307398, 
2.085242748260498, -2.6990175247192383, -1.9327163022300426, 1759502856826277973, 
2.0842039585113525, -2.7018632888793945, -1.9222557310439337, 1759502856876314155, 
2.0833280086517334, -2.704280138015747, -1.9138209498315475, 1759502856919274308, 
2.082280397415161, -2.707186222076416, -1.904268151544544, 1759502856969207549, 
2.081366539001465, -2.710055351257324, -1.8939132727406272, 1759502857018129771, 
2.0805535316467285, -2.7124719619750977, -1.8844736884659707, 1759502857066741222, 
2.0794332027435303, -2.716071367263794, -1.8708856036551498, 1759502857129441857, 
2.0786261558532715, -2.7188949584960938, -1.8613902497739219, 1759502857179306875, 
2.0777292251586914, -2.72165584564209, -1.8525315555193707, 1759502857227305756, 
2.0768415927886963, -2.7247354984283447, -1.8423096810960853, 1759502857277307906, 
2.0762696266174316, -2.726881504058838, -1.83406608835593, 1759502857319470986, 
2.0754454135894775, -2.7297298908233643, -1.8236868682138214, 1759502857369195873, 
2.0747902393341064, -2.732715129852295, -1.81349534463944, 1759502857419051938, 
2.073802947998047, -2.736210823059082, -1.802003694633661, 1759502857479485861, 
2.0731101036071777, -2.7392797470092773, -1.79223424809999, 1759502857529369158, 
2.0724761486053467, -2.7421061992645264, -1.7825240405512695, 1759502857579382904, 
2.0718350410461426, -2.744675874710083, -1.772647944676701, 1759502857627500019, 
2.071320056915283, -2.7476465702056885, -1.7622496248508883, 1759502857676358373, 
2.0708703994750977, -2.7501161098480225, -1.7537225450928826, 1759502857719603503, 
2.0700182914733887, -2.7543582916259766, -1.7404022613843237, 1759502857787884444, 
2.0697054862976074, -2.7563819885253906, -1.7343909718080825, 1759502857821399422, 
2.069141387939453, -2.75978946685791, -1.723221044605462, 1759502857879407621, 
2.068831205368042, -2.7625203132629395, -1.7120506647818299, 1759502857930077395, 
2.068432331085205, -2.765662908554077, -1.7009021038699605, 1759502857981829873, 
2.0679311752319336, -2.768475294113159, -1.691026035164075, 1759502858028587217, 
2.067697763442993, -2.7715399265289307, -1.6808681102589116, 1759502858078664008, 
2.067392110824585, -2.774075508117676, -1.6728637181247137, 1759502858119790754, 
2.066959857940674, -2.778188943862915, -1.6586656606971713, 1759502858189187466, 
2.066910743713379, -2.779796838760376, -1.6523116377770974, 1759502858219796013, 
2.066521167755127, -2.7833449840545654, -1.639269986150331, 1759502858279335339, 
2.0663845539093018, -2.7863242626190186, -1.6291269251334226, 1759502858329316217, 
2.0662291049957275, -2.7893965244293213, -1.6196094951630722, 1759502858379853438, 
2.065943479537964, -2.7924697399139404, -1.6103568779088109, 1759502858429835744, 
2.066065549850464, -2.795447587966919, -1.600660238619808, 1759502858479229096, 
2.065908670425415, -2.7977328300476074, -1.5918725290246412, 1759502858519660515, 
2.0658111572265625, -2.800746440887451, -1.5809043802826497, 1759502858568963004, 
2.0659618377685547, -2.803680896759033, -1.5712058664605086, 1759502858619714146, 
2.065666437149048, -2.8073599338531494, -1.5588395219324243, 1759502858678955073, 
2.065797805786133, -2.8103439807891846, -1.5495605567458683, 1759502858729566619, 
2.0658371448516846, -2.813241720199585, -1.5396133945768677, 1759502858779072371, 
2.0659024715423584, -2.816134214401245, -1.5291478366452331, 1759502858829156466, 
2.066195249557495, -2.8190200328826904, -1.5190841145452745, 1759502858879114608, 
2.066202402114868, -2.8212602138519287, -1.5107794979028755, 1759502858919440404, 
2.0664782524108887, -2.8255298137664795, -1.497544537538769, 1759502858989323249, 
2.066607713699341, -2.827272891998291, -1.4918299369859074, 1759502859019076215, 
2.066784381866455, -2.8307435512542725, -1.4793075907108293, 1759502859078985586, 
2.0671796798706055, -2.833632707595825, -1.468818469471782, 1759502859130500534, 
2.0674188137054443, -2.8363471031188965, -1.4594012135576435, 1759502859178360105, 
2.0677335262298584, -2.838916301727295, -1.4493922843538802, 1759502859229319075, 
2.0682590007781982, -2.8426058292388916, -1.4389215959909678, 1759502859279476941, 
2.068457841873169, -2.8449547290802, -1.4316406890655489, 1759502859319714224, 
2.0688560009002686, -2.8474814891815186, -1.4220998563317953, 1759502859370809631, 
2.0695013999938965, -2.85141658782959, -1.4076958515438944, 1759502859439825049, 
2.0699028968811035, -2.8537819385528564, -1.3998841764468757, 1759502859479685942, 
2.070448637008667, -2.856985569000244, -1.3892649967239117, 1759502859530638196, 
2.0710134506225586, -2.8599352836608887, -1.3801317425423119, 1759502859579353838, 
2.0716233253479004, -2.862867832183838, -1.370524082568451, 1759502859629335271, 
2.0723025798797607, -2.865784168243408, -1.3596848565688147, 1759502859679315616, 
2.072746515274048, -2.8680620193481445, -1.3521118072270817, 1759502859719424194, 
2.0734329223632812, -2.870893955230713, -1.3418565079520335, 1759502859769725146, 
2.074143886566162, -2.873854637145996, -1.331335845992568, 1759502859819068555, 
2.0749547481536865, -2.8773465156555176, -1.319561970655286, 1759502859879674324, 
2.075739622116089, -2.880232334136963, -1.3083026000761373, 1759502859929505225, 
2.0764079093933105, -2.8830323219299316, -1.2982545041871398, 1759502859979446804, 
2.077277898788452, -2.8858726024627686, -1.2876861898188843, 1759502860029485938, 
2.0781357288360596, -2.888664960861206, -1.2771202132468633, 1759502860079424261, 
2.0786938667297363, -2.8909032344818115, -1.2689523671385734, 1759502860123986618, 
2.0796220302581787, -2.8939290046691895, -1.258858021360186, 1759502860171896301, 
2.080958843231201, -2.897944688796997, -1.2452560731173126, 1759502860239820026, 
2.0814898014068604, -2.899620771408081, -1.2392001608140755, 1759502860269394159, 
2.082784652709961, -2.902928352355957, -1.2272444686663875, 1759502860329405223, 
2.08359694480896, -2.9055657386779785, -1.2167869586710163, 1759502860379566327, 
2.0847597122192383, -2.908568859100342, -1.2067308048295446, 1759502860429385894, 
2.085920810699463, -2.9114747047424316, -1.1972772385126824, 1759502860479303253, 
2.0867648124694824, -2.9137675762176514, -1.1894213800232107, 1759502860519807383, 
2.0884718894958496, -2.917588472366333, -1.1754695420889372, 1759502860589172457, 
2.089144468307495, -2.9192750453948975, -1.1695428501604477, 1759502860619320739, 
2.090416431427002, -2.9225854873657227, -1.1573452627520073, 1759502860680744070, 
2.091684579849243, -2.9251742362976074, -1.1480400529108783, 1759502860729429553, 
2.0928032398223877, -2.9278883934020996, -1.1382508698703808, 1759502860779553753, 
2.0940752029418945, -2.9304749965667725, -1.1282487757513755, 1759502860829498587, 
2.095390558242798, -2.9331674575805664, -1.1181729054892477, 1759502860879347837, 
2.0963382720947266, -2.9353554248809814, -1.1092136369066659, 1759502860920519397, 
2.097693920135498, -2.9380993843078613, -1.0964697594226636, 1759502860989303570, 
2.0975632667541504, -2.938141345977783, -1.0939037245309673, 1759502861039435251, 
2.097477674484253, -2.9377098083496094, -1.0925414403013944, 1759502861069634069, 
2.0974442958831787, -2.937603712081909, -1.0918779925261368, 1759502861129399367, 
2.0974810123443604, -2.937673330307007, -1.0918779925261368, 1759502861179542485, 
2.097485065460205, -2.937659978866577, -1.0918779925261368, 1759502861229544408, 
2.0974717140197754, -2.9376559257507324, -1.0918779925261368, 1759502861279412013, 
2.0974717140197754, -2.9376559257507324, -1.0918779925261368, 1759502861321531593, 
2.0974717140197754, -2.9376559257507324, -1.0918779925261368, 1759502861390548440, 
2.0974717140197754, -2.9376559257507324, -1.0918779925261368, 1759502861419655959, 
2.0974717140197754, -2.9376559257507324, -1.0918779925261368, 1759502861479637307, 
2.0974717140197754, -2.9376559257507324, -1.0918779925261368, 1759502861529753897, 
2.0974717140197754, -2.9376559257507324, -1.0918779925261368, 1759502861579367340, 
2.0974717140197754, -2.9376559257507324, -1.0918779925261368, 1759502861629365625, 
2.0974717140197754, -2.9376559257507324, -1.0918779925261368, 1759502861679356539, 
2.0974717140197754, -2.9376559257507324, -1.0918779925261368, 1759502861719631178, 
2.097452402114868, -2.937703847885132, -1.0914910226770889, 1759502861773259082, 
2.09745192527771, -2.9377050399780273, -1.0914808278396828, 1759502861834385856, 
2.097580909729004, -2.9380505084991455, -1.0892863472697085, 1759502861884098177, 
2.0991291999816895, -2.9408037662506104, -1.0796098261054317, 1759502861934449717, 
2.100651741027832, -2.943636894226074, -1.0702807592790022, 1759502861974513213, 
2.1024343967437744, -2.9465219974517822, -1.0590692629596967, 1759502862024533856, 
2.1036605834960938, -2.9491569995880127, -1.0474494509955623, 1759502862075495859, 
2.1049976348876953, -2.9512076377868652, -1.038978076264896, 1759502862124357777, 
2.1066548824310303, -2.9541475772857666, -1.0260234229717098, 1759502862183976076, 
2.1084671020507812, -2.9571216106414795, -1.0147401699484977, 1759502862240217917, 
2.1098480224609375, -2.9590365886688232, -1.0076491098507212, 1759502862279505843, 
2.111224412918091, -2.961658239364624, -0.9972222044495266, 1759502862329367187, 
2.1130237579345703, -2.9640159606933594, -0.9873485787395353, 1759502862379664379, 
2.114623546600342, -2.9664599895477295, -0.9770186918226653, 1759502862429383586, 
2.1160998344421387, -2.968928098678589, -0.9665960008353737, 1759502862480363419, 
2.117750406265259, -2.9709184169769287, -0.9601246799689039, 1759502862519615737, 
2.11936092376709, -2.973392963409424, -0.9510536917995129, 1759502862569409360, 
2.1217660903930664, -2.976572036743164, -0.9364315874213544, 1759502862639819271, 
2.1230854988098145, -2.9783434867858887, -0.9278731152627174, 1759502862679161760, 
2.1247310638427734, -2.9807615280151367, -0.91856999414797, 1759502862729514471, 
2.1265549659729004, -2.9831109046936035, -0.9088646911972184, 1759502862779507316, 
2.1283254623413086, -2.985490083694458, -0.8990545685551947, 1759502862829385700, 
2.129931688308716, -2.987565040588379, -0.8898943289259529, 1759502862874467301, 
2.131610870361328, -2.9894425868988037, -0.880262562715874, 1759502862919529415, 
2.134169101715088, -2.9925894737243652, -0.8656575740313305, 1759502862989564304, 
2.136024236679077, -2.994738817214966, -0.8559291275337589, 1759502863035124405, 
2.137735605239868, -2.9966142177581787, -0.8476389416123183, 1759502863079762082, 
2.139688014984131, -2.9990031719207764, -0.838281776166214, 1759502863129483593, 
2.141812324523926, -3.0012035369873047, -0.8279500600042882, 1759502863179419912, 
2.1437134742736816, -3.0033352375030518, -0.8178093237432161, 1759502863229638755, 
2.1455209255218506, -3.0053021907806396, -0.8083291617355971, 1759502863275410957, 
2.1474368572235107, -3.0071544647216797, -0.799384126049935, 1759502863319392184, 
2.149421215057373, -3.009329080581665, -0.7901783189722557, 1759502863369910121, 
2.1523916721343994, -3.0122032165527344, -0.7772593850303208, 1759502863435511460, 
2.153820276260376, -3.0135891437530518, -0.7700967699225771, 1759502863469741266, 
2.1562745571136475, -3.0160887241363525, -0.757584625564132, 1759502863529420133, 
2.158592462539673, -3.0179860591888428, -0.7472429738819341, 1759502863579380250, 
2.1607868671417236, -3.0201704502105713, -0.7376445615458955, 1759502863630793853, 
2.1628496646881104, -3.022129774093628, -0.7293421874323988, 1759502863676527690, 
2.165117025375366, -3.0239813327789307, -0.7209915423090133, 1759502863719354974, 
2.167104721069336, -3.0258901119232178, -0.7104656889472172, 1759502863769853910, 
2.1691625118255615, -3.027721881866455, -0.6985404290909303, 1759502863819042974, 
2.1714296340942383, -3.029480218887329, -0.6876829445854881, 1759502863870563193, 
2.1742165088653564, -3.0319485664367676, -0.6754933387894378, 1759502863929516621, 
2.1767520904541016, -3.033778429031372, -0.666318356997266, 1759502863979372404, 
2.1788992881774902, -3.0356640815734863, -0.6562255690997643, 1759502864031408504, 
2.1810269355773926, -3.0372328758239746, -0.646491982331666, 1759502864076381873, 
2.1831517219543457, -3.038703203201294, -0.6374643067791618, 1759502864119643635, 
2.1862847805023193, -3.041222333908081, -0.623659356859122, 1759502864186098958, 
2.187967538833618, -3.0424160957336426, -0.6173542848467063, 1759502864219570652, 
2.1910126209259033, -3.044481039047241, -0.6067550341363686, 1759502864278972269, 
2.193408250808716, -3.046318531036377, -0.5963640706768272, 1759502864329378568, 
2.1959376335144043, -3.0477712154388428, -0.5863690227418465, 1759502864379400852, 
2.19826602935791, -3.049354076385498, -0.5769288385155079, 1759502864427435509, 
2.200695276260376, -3.0510752201080322, -0.5668944572280143, 1759502864477440339, 
2.2029032707214355, -3.0523672103881836, -0.559412035496418, 1759502864519532902, 
2.2053415775299072, -3.05415678024292, -0.5502780547240249, 1759502864569054879, 
2.2078065872192383, -3.055610418319702, -0.5401688501459425, 1759502864619285450, 
2.210810899734497, -3.057230234146118, -0.527341271830991, 1759502864679657994, 
2.213315486907959, -3.0588865280151367, -0.5164792687633292, 1759502864729371116, 
2.2160091400146484, -3.060251235961914, -0.507178608969869, 1759502864779547211, 
2.218428373336792, -3.061892032623291, -0.49778886761017166, 1759502864827619131, 
2.2207658290863037, -3.063138484954834, -0.48878183237262063, 1759502864877598907, 
2.2230799198150635, -3.0642504692077637, -0.47983277213418496, 1759502864919020144, 
2.225778818130493, -3.065859317779541, -0.46827769736382263, 1759502864969395120, 
2.2284648418426514, -3.0671205520629883, -0.4584248917590984, 1759502865020224120, 
2.2310729026794434, -3.068372964859009, -0.449097669064225, 1759502865068478279, 
2.2344419956207275, -3.070281982421875, -0.4370714230057035, 1759502865130463923, 
2.2372069358825684, -3.071434736251831, -0.42770962274765173, 1759502865181691750, 
2.239697217941284, -3.0726990699768066, -0.4173144836032441, 1759502865228584788, 
2.242459297180176, -3.0737669467926025, -0.406755401282212, 1759502865277970939, 
2.2447516918182373, -3.0747554302215576, -0.39793213992387594, 1759502865320757554, 
2.2473745346069336, -3.076002359390259, -0.38852522498867503, 1759502865370016622, 
2.2502033710479736, -3.077134132385254, -0.378434974783006, 1759502865421038870, 
2.253325939178467, -3.078430652618408, -0.3668752194423396, 1759502865480071143, 
2.2560596466064453, -3.0794732570648193, -0.35682570973033445, 1759502865530575245, 
2.2588746547698975, -3.0804901123046875, -0.34622542508741694, 1759502865581441282, 
2.2616677284240723, -3.0814976692199707, -0.3372646164995805, 1759502865629774431, 
2.2646126747131348, -3.0824880599975586, -0.326929822904635, 1759502865679593187, 
2.266841173171997, -3.0832715034484863, -0.31932689292901834, 1759502865719552097, 
2.2695364952087402, -3.0842933654785156, -0.3091487620356956, 1759502865770615728, 
2.272401809692383, -3.0851190090179443, -0.29879325033169274, 1759502865819735466, 
2.275670289993286, -3.0862343311309814, -0.28698104439307415, 1759502865879178709, 
2.278533458709717, -3.0871007442474365, -0.27674542477140723, 1759502865929949170, 
2.2813894748687744, -3.0878641605377197, -0.2673643491446363, 1759502865979672837, 
2.2841999530792236, -3.088704824447632, -0.2579277841801977, 1759502866029552973, 
2.2870922088623047, -3.0893967151641846, -0.24731651025099263, 1759502866079315337, 
2.2892472743988037, -3.089888334274292, -0.23874440069435238, 1759502866119868539, 
2.2922322750091553, -3.09067964553833, -0.22808115457756656, 1759502866170170103, 
2.2951810359954834, -3.091249704360962, -0.21827690469946479, 1759502866220332949, 
2.298611879348755, -3.092175006866455, -0.20648086550715, 1759502866278943780, 
2.3016605377197266, -3.0928478240966797, -0.19609423005110835, 1759502866330454188, 
2.3046281337738037, -3.093343496322632, -0.18667926117677264, 1759502866379554964, 
2.3073511123657227, -3.09405517578125, -0.17620727480459505, 1759502866429503271, 
2.3102076053619385, -3.09444522857666, -0.1652991547351136, 1759502866479540630, 
2.312572717666626, -3.094852924346924, -0.1571430423580747, 1759502866519493046, 
2.315486192703247, -3.0954573154449463, -0.1466891310074845, 1759502866570536399, 
2.3195888996124268, -3.095970392227173, -0.1327455779996735, 1759502866638927767, 
2.321791172027588, -3.0963807106018066, -0.12398802620530112, 1759502866679888325, 
2.3247342109680176, -3.096684455871582, -0.11321316289756267, 1759502866730421704, 
2.3276143074035645, -3.0970027446746826, -0.10269816142447931, 1759502866779506823, 
2.3306777477264404, -3.0974771976470947, -0.09263281698022113, 1759502866829414675, 
2.333778142929077, -3.0976481437683105, -0.08335206474393769, 1759502866879596115, 
2.3362410068511963, -3.09789776802063, -0.07546603446755402, 1759502866919485292, 
2.3391406536102295, -3.098222255706787, -0.06497845640405212, 1759502866970229799, 
2.34196400642395, -3.0981485843658447, -0.0551846378608112, 1759502867019204949, 
2.345607280731201, -3.0984935760498047, -0.04237465774607906, 1759502867080398681, 
2.3486366271972656, -3.098597526550293, -0.032576035245532126, 1759502867129391532, 
2.351726770401001, -3.0987026691436768, -0.023557268356316073, 1759502867179649797, 
2.3546807765960693, -3.098907470703125, -0.013831356319042094, 1759502867229382029, 
2.3576321601867676, -3.09873628616333, -0.00473533293765249, 1759502867280464696, 
2.3597140312194824, -3.098736524581909, 0.003256339285507464, 1759502867319669733, 
2.362924575805664, -3.0988473892211914, 0.013740669423728927, 1759502867369650427, 
2.3659238815307617, -3.0987637042999268, 0.023065349051674032, 1759502867419655812, 
2.3695294857025146, -3.098780393600464, 0.03505143715235304, 1759502867479426591, 
2.372487783432007, -3.0985825061798096, 0.04464075930779555, 1759502867529561711, 
2.3754796981811523, -3.0983939170837402, 0.05461512249713442, 1759502867579614333, 
2.3784310817718506, -3.098391532897949, 0.06534406442654192, 1759502867629396827, 
2.3813459873199463, -3.0981345176696777, 0.07539949218078688, 1759502867679420770, 
2.3836889266967773, -3.098125457763672, 0.08371351158913248, 1759502867720502985, 
2.3867413997650146, -3.09799861907959, 0.09328259528111628, 1759502867770057381, 
2.3908896446228027, -3.097504138946533, 0.10737873560212531, 1759502867840498798, 
2.3932697772979736, -3.0973458290100098, 0.11578477833966541, 1759502867880614820, 
2.3962149620056152, -3.096865653991699, 0.1266051014793284, 1759502867929417792, 
2.3991286754608154, -3.0965516567230225, 0.13680889059555001, 1759502867979426047, 
2.4021127223968506, -3.096303939819336, 0.14621323692341578, 1759502868030448206, 
2.4052817821502686, -3.095702648162842, 0.1556347271673806, 1759502868079445025, 
2.4076671600341797, -3.0954389572143555, 0.16386440124461155, 1759502868120779026, 
2.410512924194336, -3.0949769020080566, 0.17387125238882634, 1759502868169912999, 
2.4146029949188232, -3.094301462173462, 0.1883844417353514, 1759502868239256086, 
2.416971445083618, -3.0939364433288574, 0.19647280067512685, 1759502868280329153, 
2.420123338699341, -3.0932085514068604, 0.20623846863484835, 1759502868329495764, 
2.4230756759643555, -3.0925660133361816, 0.21535411921234943, 1759502868379430182, 
2.4258506298065186, -3.0919859409332275, 0.22582582921912184, 1759502868429445774, 
2.4285953044891357, -3.0912702083587646, 0.2367716605257372, 1759502868480409546, 
2.4305944442749023, -3.0908730030059814, 0.2447958621522332, 1759502868521778295, 
2.433720111846924, -3.0901143550872803, 0.2546832967354111, 1759502868569404247, 
2.437864065170288, -3.0889694690704346, 0.26747859087195447, 1759502868639864332, 
2.439391613006592, -3.0885651111602783, 0.27351814303650224, 1759502868669375893, 
2.4426722526550293, -3.0876076221466064, 0.2873435213145625, 1759502868729431352, 
2.4454572200775146, -3.0868287086486816, 0.2977864552953569, 1759502868779467187, 
2.4483792781829834, -3.085984230041504, 0.3080322770906817, 1759502868829571708, 
2.4513697624206543, -3.08501935005188, 0.31786300165257186, 1759502868880463834, 
2.4536492824554443, -3.084376573562622, 0.32504815300888046, 1759502868920766099, 
2.456728219985962, -3.0833306312561035, 0.3358107163834776, 1759502868973868685, 
2.460026741027832, -3.0821728706359863, 0.34916377902039836, 1759502869036778509, 
2.4616382122039795, -3.0816404819488525, 0.35529782877017607, 1759502869065297498, 
2.465552568435669, -3.080101251602173, 0.36917054144825384, 1759502869133441793, 
2.467963933944702, -3.0791845321655273, 0.37736710597640777, 1759502869175486995, 
2.470902442932129, -3.0780251026153564, 0.3872809642942542, 1759502869225411792, 
2.473654270172119, -3.076838254928589, 0.39701583278697733, 1759502869275479370, 
2.4762868881225586, -3.0758275985717773, 0.40739795725421313, 1759502869324545956, 
2.478708505630493, -3.0747148990631104, 0.416584877567848, 1759502869369658314, 
2.4814720153808594, -3.073437213897705, 0.42642004037008735, 1759502869419212688, 
2.484315872192383, -3.0722432136535645, 0.43657559361654497, 1759502869469077287, 
2.487560510635376, -3.070566415786743, 0.4484435331636918, 1759502869529048989, 
2.490281820297241, -3.069390058517456, 0.4594649606886183, 1759502869579680844, 
2.4927942752838135, -3.0680718421936035, 0.47008212793595777, 1759502869629427696, 
2.4953198432922363, -3.0666921138763428, 0.48070576765265766, 1759502869679446334, 
2.497441291809082, -3.0656635761260986, 0.4889212833854569, 1759502869719520204, 
2.5002799034118652, -3.0640926361083984, 0.49846220722169055, 1759502869770391819, 
2.503999710083008, -3.062018871307373, 0.5113399984362669, 1759502869840337582, 
2.5053346157073975, -3.0613181591033936, 0.5175544427060375, 1759502869869294292, 
2.508134603500366, -3.0594470500946045, 0.5291378814905884, 1759502869929485962, 
2.51086688041687, -3.0580737590789795, 0.539256499875682, 1759502869979621600, 
2.513331413269043, -3.0565595626831055, 0.5483571342050794, 1759502870029787961, 
2.516141653060913, -3.0547375679016113, 0.5577425464334032, 1759502870081544645, 
2.5181448459625244, -3.053584337234497, 0.5646241003300926, 1759502870119409441, 
2.5204286575317383, -3.052086591720581, 0.5745851236134074, 1759502870169336162, 
2.522642135620117, -3.0506019592285156, 0.5850248586108608, 1759502870220361967, 
2.5258123874664307, -3.0486292839050293, 0.5967991434332909, 1759502870279180009, 
2.528550624847412, -3.04671573638916, 0.6058616197320731, 1759502870329033212, 
2.531214952468872, -3.045032501220703, 0.6146106859302001, 1759502870380396748, 
2.5334107875823975, -3.043363094329834, 0.6244213146139771, 1759502870429491686, 
2.535390853881836, -3.042001485824585, 0.6350970236351006, 1759502870475686486, 
2.5374414920806885, -3.0406241416931152, 0.6451658790574047, 1759502870519592677, 
2.539867877960205, -3.0386345386505127, 0.6553901177504775, 1759502870569721119, 
2.543135166168213, -3.0362496376037598, 0.6672443216358339, 1759502870635542624, 
2.54514217376709, -3.034550666809082, 0.6754478398730167, 1759502870679176817, 
2.5472865104675293, -3.0327417850494385, 0.6865995039186283, 1759502870729416788, 
2.5495972633361816, -3.0309741497039795, 0.697108758867414, 1759502870779521288, 
2.5518627166748047, -3.028996706008911, 0.7073089805429399, 1759502870830608420, 
2.5541210174560547, -3.027069568634033, 0.7164922404287071, 1759502870876548400, 
2.556119441986084, -3.0252466201782227, 0.7243232273990058, 1759502870919604708, 
2.5594706535339355, -3.0221803188323975, 0.7387979430241592, 1759502870990448563, 
2.560678482055664, -3.021096706390381, 0.7445379696893606, 1759502871019560128, 
2.563326835632324, -3.0187041759490967, 0.7570405224717306, 1759502871079669100, 
2.5654613971710205, -3.0165646076202393, 0.7670689907256125, 1759502871129863849, 
2.5675759315490723, -3.0145602226257324, 0.7761780496846987, 1759502871179441084, 
2.569842576980591, -3.0121912956237793, 0.7854294182132937, 1759502871231464101, 
2.5718421936035156, -3.010112762451172, 0.7936322565936205, 1759502871276497942, 
2.5736093521118164, -3.0083916187286377, 0.8026717768932354, 1759502871318942521, 
2.57549786567688, -3.0062179565429688, 0.8142057690677317, 1759502871370856497, 
2.5775034427642822, -3.0041372776031494, 0.8239472834781325, 1759502871419377011, 
2.580083131790161, -3.0014069080352783, 0.8361219171915941, 1759502871479002013, 
2.5820934772491455, -2.9990508556365967, 0.8452034448761083, 1759502871529453310, 
2.584102153778076, -2.996899366378784, 0.8557765435967872, 1759502871579525082, 
2.5857126712799072, -2.994871139526367, 0.8665819557580363, 1759502871627415023, 
2.5875601768493652, -2.99265456199646, 0.8767291767078393, 1759502871677125163, 
2.5892632007598877, -2.990734577178955, 0.8850906593517905, 1759502871720265555, 
2.5911762714385986, -2.988154172897339, 0.8941236363707005, 1759502871769201914, 
2.5930776596069336, -2.9857778549194336, 0.9030371649859139, 1759502871819664959, 
2.595139265060425, -2.982980966567993, 0.9157010764395849, 1759502871879559983, 
2.596724033355713, -2.980860710144043, 0.926612104027548, 1759502871929420758, 
2.598646640777588, -2.9783542156219482, 0.937086775681467, 1759502871979579258, 
2.6004059314727783, -2.975752115249634, 0.9462136842750468, 1759502872027637871, 
2.602212429046631, -2.9732627868652344, 0.9553873553747702, 1759502872077095459, 
2.6036336421966553, -2.9712324142456055, 0.9632093349486235, 1759502872119072701, 
2.6056149005889893, -2.9680521488189697, 0.9781981839751851, 1759502872187356916, 
2.6073780059814453, -2.9655864238739014, 0.9889895611491931, 1759502872238661497, 
2.6083827018737793, -2.964046001434326, 0.9948527621848042, 1759502872268834625, 
2.6102733612060547, -2.960930824279785, 1.0070808893815708, 1759502872330709706, 
2.611943006515503, -2.958548069000244, 1.0177923670418498, 1759502872380828279, 
2.613309144973755, -2.9560649394989014, 1.0276672434895713, 1759502872428890649, 
2.614894390106201, -2.953745126724243, 1.0385637929446985, 1759502872477132488, 
2.6161813735961914, -2.9516472816467285, 1.0474218816715424, 1759502872520090727, 
2.617441415786743, -2.949150323867798, 1.0575371366563235, 1759502872571062541, 
2.6196045875549316, -2.9458320140838623, 1.071492031329612, 1759502872638222853, 
2.620478391647339, -2.9441258907318115, 1.0772331974742002, 1759502872668478015, 
2.6222472190856934, -2.9407896995544434, 1.0891790557936778, 1759502872731481382, 
2.6234638690948486, -2.938619375228882, 1.0982276748209925, 1759502872782551405, 
2.6236205101013184, -2.9381959438323975, 1.1001363091252174, 1759502872828320489, 
2.623720169067383, -2.938582181930542, 1.1022101944788252, 1759502872878419360, 
2.6236279010772705, -2.938508987426758, 1.1020421818705397, 1759502872920885241, 
2.623662233352661, -2.9384148120880127, 1.1012625021630849, 1759502872970086625, 
2.6244208812713623, -2.9364662170410156, 1.1091615147826224, 1759502873018929836, 
2.626323699951172, -2.9324533939361572, 1.1248378955271692, 1759502873079400923, 
2.6280553340911865, -2.9292969703674316, 1.137723002271587, 1759502873130884837, 
2.6291582584381104, -2.92657208442688, 1.147119006792199, 1759502873178921425, 
2.6303305625915527, -2.924365758895874, 1.155201951834283, 1759502873229542459, 
2.6311521530151367, -2.922028064727783, 1.163183865169421, 1759502873279452813, 
2.632051467895508, -2.9200191497802734, 1.1711874872507604, 1759502873319726938, 
2.6335902214050293, -2.9161007404327393, 1.18579001270087, 1759502873389398963, 
2.634291887283325, -2.9144225120544434, 1.1922107023025696, 1759502873420301583, 
2.6357638835906982, -2.9110820293426514, 1.203563383586968, 1759502873480376475, 
2.6367101669311523, -2.9082536697387695, 1.2133474506555317, 1759502873530721069, 
2.637657880783081, -2.9055285453796387, 1.2236024246130286, 1759502873579614370, 
2.6387009620666504, -2.9028146266937256, 1.2339948013064093, 1759502873630449743, 
2.6396706104278564, -2.9000563621520996, 1.2449264341071093, 1759502873680464526, 
2.6404523849487305, -2.8978450298309326, 1.2527865509847897, 1759502873720499090, 
2.641749620437622, -2.8937177658081055, 1.2668067837218602, 1759502873789489629, 
2.6422512531280518, -2.8919901847839355, 1.2732262573717557, 1759502873818981794, 
2.6431143283843994, -2.8892927169799805, 1.2830922402310514, 1759502873869893323, 
2.6440656185150146, -2.885894536972046, 1.2963898600228285, 1759502873930707947, 
2.644808292388916, -2.8832716941833496, 1.3060503943057764, 1759502873979494853, 
2.6456210613250732, -2.8804380893707275, 1.3154390838539844, 1759502874029481434, 
2.646334171295166, -2.8772754669189453, 1.325394506264002, 1759502874080101583, 
2.6469578742980957, -2.8750414848327637, 1.3330548872903376, 1759502874119940125, 
2.647822618484497, -2.8708438873291016, 1.347846128054376, 1759502874190859916, 
2.6484432220458984, -2.8681113719940186, 1.357480700072578, 1759502874240662538, 
2.6488561630249023, -2.8664073944091797, 1.3632473197608703, 1759502874270569820, 
2.6495912075042725, -2.8626291751861572, 1.3744577457954292, 1759502874331471106, 
2.6501283645629883, -2.8601725101470947, 1.3825711342739826, 1759502874380607744, 
2.6503102779388428, -2.8598756790161133, 1.3848544407884278, 1759502874430636858, 
2.650271415710449, -2.8602957725524902, 1.3852080585367732, 1759502874480487650, 
2.6502864360809326, -2.8602685928344727, 1.3852080585367732, 1759502874520848311, 
2.650348424911499, -2.860090494155884, 1.3852080585367732, 1759502874570015683, 
2.6506786346435547, -2.8565685749053955, 1.3987008764725932, 1759502874640674359, 
2.650986671447754, -2.854300022125244, 1.4063634102179148, 1759502874669485147, 
2.651728630065918, -2.8500657081604004, 1.419584758596867, 1759502874729468107, 
2.6521286964416504, -2.8469607830047607, 1.4300790768651033, 1759502874779478125, 
2.652554512023926, -2.844339370727539, 1.43721141378309, 1759502874829489187, 
2.6529276371002197, -2.841844320297241, 1.448039098948905, 1759502874880482369, 
2.6530418395996094, -2.8396921157836914, 1.4577501325304592, 1759502874920615042, 
2.6533403396606445, -2.837022066116333, 1.4680944924934038, 1759502874969155586, 
2.6538262367248535, -2.832550525665283, 1.4830682552812662, 1759502875040684394, 
2.653973340988159, -2.8300821781158447, 1.4900204180528138, 1759502875080574733, 
2.6543798446655273, -2.827117919921875, 1.4998502170305574, 1759502875130803577, 
2.654257297515869, -2.8243188858032227, 1.5098884877106886, 1759502875179610859, 
2.654567241668701, -2.821244239807129, 1.5206592310289955, 1759502875230473042, 
2.6547515392303467, -2.818286180496216, 1.5311445260391623, 1759502875280121104, 
2.6546621322631836, -2.8157765865325928, 1.5383790580742247, 1759502875320563558, 
2.6550095081329346, -2.811403274536133, 1.552202960557292, 1759502875390502090, 
2.654867172241211, -2.8085546493530273, 1.5613502345308758, 1759502875439975852, 
2.6549181938171387, -2.8061776161193848, 1.5693582033283182, 1759502875480529594, 
2.6550850868225098, -2.803353786468506, 1.5805964875848446, 1759502875529482643, 
2.654773235321045, -2.800248384475708, 1.5903051283136247, 1759502875580564446, 
2.6548187732696533, -2.7970962524414062, 1.5997596620758194, 1759502875630579072, 
2.654770851135254, -2.793853759765625, 1.6096098360389464, 1759502875680454327, 
2.6544649600982666, -2.7914011478424072, 1.6168142681087105, 1759502875721851329, 
2.6544620990753174, -2.7874715328216553, 1.6326303048467306, 1759502875789994168, 
2.654205083847046, -2.7859504222869873, 1.6389589176568164, 1759502875820254516, 
2.653939962387085, -2.7824530601501465, 1.6514229627989598, 1759502875881701016, 
2.653870105743408, -2.7794535160064697, 1.6611217081207068, 1759502875930522261, 
2.6533796787261963, -2.776364803314209, 1.6694793879657421, 1759502875980546927, 
2.653261423110962, -2.773369789123535, 1.6798134897386976, 1759502876030559080, 
2.652909994125366, -2.770684242248535, 1.6904190254365759, 1759502876080487163, 
2.6525824069976807, -2.7684144973754883, 1.6984748916349848, 1759502876121580809, 
2.6523401737213135, -2.7655341625213623, 1.7082909086435745, 1759502876170745395, 
2.6515533924102783, -2.760929822921753, 1.7211816617955193, 1759502876239957207, 
2.6512770652770996, -2.759127140045166, 1.72573062687765, 1759502876270889250, 
2.6506974697113037, -2.755795955657959, 1.7362919574918207, 1759502876330472888, 
2.650078296661377, -2.753268241882324, 1.7476491645208323, 1759502876379011164, 
2.6497304439544678, -2.7502925395965576, 1.758421364922928, 1759502876430612016, 
2.6491165161132812, -2.747255563735962, 1.7682034127954984, 1759502876480491660, 
2.6485538482666016, -2.7448365688323975, 1.7752819084464657, 1759502876520623275, 
2.6477091312408447, -2.7406630516052246, 1.7871375766252175, 1759502876589011344, 
2.6469926834106445, -2.7380123138427734, 1.7982667223558664, 1759502876640011260, 
2.6465704441070557, -2.7358977794647217, 1.8077839311678225, 1759502876680724669, 
2.645942449569702, -2.7331552505493164, 1.8189122980457024, 1759502876730629664, 
2.645117998123169, -2.730189800262451, 1.829133162222916, 1759502876780484004, 
2.6444897651672363, -2.7275376319885254, 1.8367258734376573, 1759502876825668096, 
2.6436350345611572, -2.724672317504883, 1.8460437838234929, 1759502876875484157, 
2.642849922180176, -2.7219905853271484, 1.8569525620181013, 1759502876925585170, 
2.6418888568878174, -2.718596935272217, 1.8697608505880863, 1759502876984389268, 
2.640901803970337, -2.7155518531799316, 1.8800504003150598, 1759502877035774836, 
2.640007495880127, -2.712601900100708, 1.888606644201307, 1759502877084929992, 
2.638976812362671, -2.7096192836761475, 1.8978035558919428, 1759502877135162604, 
2.638150453567505, -2.7072925567626953, 1.9059693883252602, 1759502877175621698, 
2.6373143196105957, -2.7046663761138916, 1.9170957465653444, 1759502877225464861, 
2.6363539695739746, -2.7020697593688965, 1.9287351057885498, 1759502877275564639, 
2.6352176666259766, -2.6991770267486572, 1.9382824726522774, 1759502877325580562, 
2.6340951919555664, -2.6958272457122803, 1.9497402057712203, 1759502877384395943, 
2.6331450939178467, -2.6939165592193604, 1.9553222586434262, 1759502877415893878, 
2.6317479610443115, -2.6902925968170166, 1.9673657038595818, 1759502877480353426, 
2.630593776702881, -2.687788486480713, 1.9786444885314245, 1759502877530672701, 
2.62933087348938, -2.6852803230285645, 1.988774856686239, 1759502877580567841, 
2.6282153129577637, -2.6823232173919678, 1.9990711652674902, 1759502877630258755, 
2.6269748210906982, -2.6798713207244873, 2.0075035315137377, 1759502877675545833, 
2.6258623600006104, -2.677436351776123, 2.016253442037869, 1759502877720783258, 
2.6247172355651855, -2.6747894287109375, 2.0264609898066066, 1759502877770428059, 
2.6232051849365234, -2.672104597091675, 2.0361195300101804, 1759502877820125896, 
2.6217005252838135, -2.6689658164978027, 2.0486020272831618, 1759502877880437467, 
2.620364189147949, -2.6663215160369873, 2.058736758147677, 1759502877930428501, 
2.618884325027466, -2.663714647293091, 2.0680256365142013, 1759502877980506005, 
2.6175923347473145, -2.660862922668457, 2.0781662063343886, 1759502878030481003, 
2.6162116527557373, -2.658568859100342, 2.0871552910968085, 1759502878076505865, 
2.6149399280548096, -2.656334161758423, 2.0960463879179283, 1759502878120734152, 
2.6129636764526367, -2.6527318954467773, 2.1101233287203205, 1759502878190451369, 
2.6119189262390137, -2.6511826515197754, 2.115739734943798, 1759502878220787961, 
2.6104815006256104, -2.6485533714294434, 2.1256453550952217, 1759502878270551603, 
2.609011173248291, -2.6461806297302246, 2.1345930563912163, 1759502878316585088, 
2.6068227291107178, -2.6429409980773926, 2.1471681521535624, 1759502878380494280, 
2.6051743030548096, -2.640260696411133, 2.1577100752841107, 1759502878431567598, 
