e (m), e_dot (m/s), e_int, stamp, 
1.4142135623730951, 0.0, 0.13586641021712173, 1761311481123289879, 
1.4152199996444328, 0.005208974740097602, 0.1590661387310081, 1761311481187693933, 
1.416285052072707, 0.01660175457925295, 0.13524832032329306, 1761311481218855553, 
1.4194757264250362, 0.028022299384457956, 0.13478110627199272, 1761311481282811587, 
1.4229569811023794, 0.04059693597400823, 0.15952095738910882, 1761311481331228079, 
1.426833588387883, 0.05089059163020385, 0.13720341323772278, 1761311481379223994, 
1.431560570191392, 0.05973890729416959, 0.1370193885805459, 1761311481427239397, 
1.4367265898157275, 0.06870405508845971, 0.13744066551538944, 1761311481475221760, 
1.441993702915833, 0.0724191989831215, 0.1379910513476797, 1761311481523282594, 
1.4491382052352468, 0.07348724928041109, 0.16229714901214312, 1761311481587723462, 
1.4522365676432099, 0.07003509440837109, 0.13849985431526754, 1761311481618945572, 
1.4581229731266265, 0.06341271825885136, 0.13936801181093547, 1761311481683629931, 
1.4646651839797478, 0.05315109630664628, 0.2337124193298693, 1761311481779204611, 
1.468434549112532, 0.03589983560201474, 0.2804730179387473, 1761311481875243773, 
1.4692068639360363, 0.01538688473203223, 0.304885166904293, 1761311481986971944, 
1.4670256715629184, -0.005214204402338489, 0.30602659932633297, 1761311482083677187, 
1.4615236236346207, -0.02671679233124701, 0.28180040426234093, 1761311482179206616, 
1.4536347908149865, -0.04658415746098158, 0.2798034501084153, 1761311482275227869, 
1.443207652037888, -0.0636773236801067, 0.2786347983334541, 1761311482370999683, 
1.4281588969718149, -0.0809626202408293, 0.2999605054068863, 1761311482483292895, 
1.4130030040475885, -0.09733415690658402, 0.2973680995279088, 1761311482579222687, 
1.395631181414528, -0.11297824036758397, 0.2710639910453022, 1761311482675228625, 
1.376149095642796, -0.12816720963351877, 0.26742788927455136, 1761311482770937195, 
1.352031900495853, -0.1391743595697681, 0.2864994592244439, 1761311482883651885, 
1.33012849835719, -0.14692802389026693, 0.28311194373592746, 1761311482980220354, 
1.306962483958416, -0.15685500590857596, 0.2547845192621125, 1761311483075261314, 
1.279258871497738, -0.1637013105948015, 0.2702800981266313, 1761311483187260155, 
1.2547690708017356, -0.16785062488801292, 0.2657825511705738, 1761311483282850390, 
1.2287058812023413, -0.1746214376845665, 0.24202069387627445, 1761311483380221474, 
1.2026580200808268, -0.18060821794744442, 0.2363821063521236, 1761311483475232576, 
1.1718933496401247, -0.1831752627880894, 0.24830332775606734, 1761311483586953864, 
1.1455161785592105, -0.1833188291270964, 0.2438029936536642, 1761311483683015231, 
1.118036585783283, -0.18575163869931247, 0.22133017902131208, 1761311483780230229, 
1.090811105030498, -0.18973949374426194, 0.21493219996689447, 1761311483875241425, 
1.0627697971414294, -0.19278384730943599, 0.20841126321568046, 1761311483971338692, 
1.030175342462506, -0.1942556173669664, 0.2208666848152017, 1761311484083360390, 
1.001624589821625, -0.19625817855682695, 0.21444444289550252, 1761311484179229735, 
0.9728851804954501, -0.19902981181964688, 0.19219738845710913, 1761311484275258091, 
0.9390810487461378, -0.19970994033354464, 0.2027523166214895, 1761311484387995134, 
0.9107035675994317, -0.19909457153829202, 0.19584115013050904, 1761311484483402682, 
0.8814470362429253, -0.20090685605624178, 0.1741075209908453, 1761311484579235801, 
0.8525714692914813, -0.20194101719716895, 0.16918558802951478, 1761311484675315764, 
0.8237120183823706, -0.20054882366509086, 0.16362963712184223, 1761311484771159425, 
0.7894693117656907, -0.2022198099668707, 0.17088720434095472, 1761311484883228582, 
0.7602612521452502, -0.2030854695542866, 0.16474944007715606, 1761311484979400536, 
0.7306633822800378, -0.20456604893865826, 0.1456803562013423, 1761311485074880147, 
0.697172449618239, -0.20235898161120477, 0.15186215758399982, 1761311485187611806, 
0.6703689012474737, -0.19202245449487568, 0.14604060547307762, 1761311485283688091, 
0.6577731966385141, -0.18091914528563327, 0.09709890936013679, 1761311485331439701, 
0.6213808022452151, -0.17224884837266044, 0.12451702058837708, 1761311485475299619, 
0.5978416566842044, -0.16650677724586657, 0.14974316024843373, 1761311485570774022, 
0.5869985335351194, -0.15641351256659908, 0.0867983634174907, 1761311485619465306, 
0.5618207683904063, -0.14941176976484108, 0.09334303813883434, 1761311485731096558, 
0.5325993521937502, -0.1421212119812152, 0.14412114261951364, 1761311485876607349, 
0.5104636452865858, -0.13386499882488867, 0.13682269317042609, 1761311485986858432, 
0.5041811975057534, -0.1317920466464506, 0.07351208184962145, 1761311486019142216, 
0.4824612570460791, -0.12941672595764211, 0.07208311811816842, 1761311486131303341, 
0.4562263609366369, -0.12475580661750134, 0.12380385812942003, 1761311486276554096, 
0.4402582423404747, -0.11638826994364393, 0.11031139409368826, 1761311486371294041, 
0.4318836041812196, -0.11492151163938001, 0.06299313944694444, 1761311486418818430, 
0.4131738220407427, -0.11420698846011973, 0.06853336220231453, 1761311486531254813, 
0.38930472188376974, -0.11070947044384323, 0.10552340806458964, 1761311486675283054, 
0.3820698534012146, -0.10535556562707711, 0.07587076668526502, 1761311486723405932, 
0.3683848699181397, -0.09785293699450782, 0.05458569861806287, 1761311486818959947, 
0.34508254472840755, -0.09610911537119209, 0.09353616124833954, 1761311486979543712, 
0.33807979374465, -0.09699570497105765, 0.07311346329587023, 1761311487027548195, 
0.32607054977229144, -0.08993857033451642, 0.04874632999228212, 1761311487124444846, 
0.3072482678998773, -0.08056316046240426, 0.0831339458378889, 1761311487284293299, 
0.29560238893682816, -0.080095406992854, 0.07892404549586703, 1761311487379334211, 
0.29016135486371986, -0.07866661703348661, 0.042565289539312434, 1761311487427287869, 
0.2788634728820142, -0.07663969373404331, 0.04178136456383435, 1761311487524303154, 
0.26199954560141586, -0.07387010889119354, 0.07129811256535985, 1761311487684674228, 
0.25717665338289064, -0.06960933137518198, 0.05503590418543159, 1761311487731194764, 
0.24274928478274035, -0.067931454266084, 0.048412331513020476, 1761311487875292599, 
0.2318943931459673, -0.0658352076735784, 0.06234210157103791, 1761311487986757908, 
0.22733361511933978, -0.06362289450962935, 0.03749762869926582, 1761311488035544059, 
0.21487739529810587, -0.060042328383262566, 0.043266976038775724, 1761311488179310775, 
0.20732652095903567, -0.055099079013400054, 0.051912385998910925, 1761311488275310278, 
0.20369431344840974, -0.05141804758939281, 0.030052574851710232, 1761311488323356117, 
0.19842623970176, -0.052809348222711334, 0.022681070578084606, 1761311488386957728, 
0.19576537858522083, -0.054968740341834056, 0.019136476424233335, 1761311488419376823, 
0.1906609625299907, -0.05407162687322708, 0.01873760309498825, 1761311488483072221, 
0.183886523838354, -0.050182821857214684, 0.030399347479136515, 1761311488579285617, 
0.17728629385138248, -0.046383781933716874, 0.035359596348487066, 1761311488675301825, 
0.15771998635284817, -0.044368725140276045, 0.06918644230381701, 1761311488979289867, 
0.15197018144150667, -0.04140158071834249, 0.064942432117603, 1761311489075377212, 
0.145697155116358, -0.03855805240132466, 0.03163987144347818, 1761311489187726970, 
0.1415232052431325, -0.036106747118214426, 0.0280899856890039, 1761311489267252831, 
0.13573050057699093, -0.03472928407017053, 0.027007557254610147, 1761311489379292183, 
0.1304770061629791, -0.03546604602789997, 0.028281398329146713, 1761311489475341632, 
0.12450618374598346, -0.03604766361791111, 0.02705871058128625, 1761311489587055908, 
0.11887916804138805, -0.0372774712963122, 0.025932562675744637, 1761311489683433424, 
0.11405799279876756, -0.03622525774214894, 0.022905422401797382, 1761311489779299709, 
0.11001269439561183, -0.03078573471185485, 0.021952273848135508, 1761311489875463893, 
0.10539272592991862, -0.02782438078551917, 0.02281423666803343, 1761311489987039650, 
0.10184951322862423, -0.026067792453470056, 0.021982281638354535, 1761311490083330936, 
