x (m), y (m), theta (rad), stamp, 
3.549017037585145e-06, -4.0979871300805826e-06, -5.8655582039698725e-05, 1761312167384558652, 
3.549017037585145e-06, -4.0979871300805826e-06, -5.8655582039698725e-05, 1761312167432583400, 
3.549017037585145e-06, -4.0979871300805826e-06, -5.8655582039698725e-05, 1761312167497316649, 
3.549017037585145e-06, -4.0979871300805826e-06, -5.8655582039698725e-05, 1761312167527771014, 
0.0014162970473989844, -3.057676076423377e-05, 0.001099828039355146, 1761312167577682468, 
0.007253177929669619, 1.4803813428443391e-05, 0.005039041490024016, 1761312167640730751, 
0.014150930568575859, -4.70831582788378e-06, 0.009486290158838966, 1761312167688567792, 
0.022799279540777206, 0.00015247767441906035, 0.015369778317910927, 1761312167737487433, 
0.03300076350569725, 0.00039598174043931067, 0.023585715073950995, 1761312167784496087, 
0.04522702842950821, 0.0009780054679140449, 0.034207079553032406, 1761312167832527127, 
0.059589799493551254, 0.001851370558142662, 0.045704379148550155, 1761312167880231051, 
0.07543213665485382, 0.0029174312949180603, 0.056875544974565054, 1761312167927829985, 
0.0963791087269783, 0.00474428478628397, 0.07286581617632089, 1761312167992531645, 
0.12656384706497192, 0.008096794597804546, 0.09860429860878148, 1761312168088565320, 
0.15550054609775543, 0.011989342980086803, 0.12597462059336528, 1761312168184490504, 
0.18486018478870392, 0.01665688492357731, 0.15061350213357008, 1761312168280619294, 
0.2194070667028427, 0.02318892441689968, 0.18207825814868067, 1761312168391948853, 
0.24823959171772003, 0.029428014531731606, 0.24203422701986732, 1761312168488584486, 
0.2776355445384979, 0.03782534971833229, 0.3089786788473536, 1761312168586737341, 
0.3050061762332916, 0.04752926155924797, 0.34138056464544936, 1761312168680389239, 
0.33713141083717346, 0.060157764703035355, 0.37995649546808286, 1761312168792091786, 
0.3648645281791687, 0.07218033075332642, 0.430469008746888, 1761312168887974410, 
0.39179104566574097, 0.08549140393733978, 0.48300907452709824, 1761312168984914362, 
0.4167989492416382, 0.09987641870975494, 0.52239379835132, 1761312169079964487, 
0.44644248485565186, 0.11856307089328766, 0.5627536636194206, 1761312169192486253, 
0.4710702896118164, 0.13522997498512268, 0.5986376262843258, 1761312169288148397, 
0.4953049421310425, 0.15325093269348145, 0.633851278409054, 1761312169385149041, 
0.5220892429351807, 0.1745220571756363, 0.6745710959625884, 1761312169496379127, 
0.5410794615745544, 0.19072088599205017, 0.7035933027661748, 1761312169576436123, 
0.5671623945236206, 0.21448330581188202, 0.7377635699208421, 1761312169688586630, 
0.5886697173118591, 0.2355615198612213, 0.7630505616114219, 1761312169784574112, 
0.6094576716423035, 0.2569510042667389, 0.7911812904294496, 1761312169880713286, 
0.633251965045929, 0.2827298045158386, 0.8236145043335508, 1761312169993943076, 
0.6529197096824646, 0.3054841458797455, 0.8515453524682144, 1761312170088555517, 
0.6722277402877808, 0.32880350947380066, 0.8727413832510724, 1761312170185718262, 
0.6903819441795349, 0.35193493962287903, 0.8931928168491609, 1761312170280592412, 
0.71149742603302, 0.3801499605178833, 0.9193610023701427, 1761312170393619719, 
0.7285887002944946, 0.4041840434074402, 0.9402116719369193, 1761312170488582317, 
0.74601149559021, 0.4291740357875824, 0.9563144946773317, 1761312170585572406, 
0.762657642364502, 0.4539111256599426, 0.969730583817748, 1761312170680554923, 
0.7819264531135559, 0.4832679033279419, 0.987623857760427, 1761312170793592602, 
0.7975991368293762, 0.5082031488418579, 1.0043406899871206, 1761312170888590344, 
0.8055644631385803, 0.5209642648696899, 1.0117122725834002, 1761312170936538449, 
0.8286503553390503, 0.5601832866668701, 1.0291813842614113, 1761312171080638164, 
0.8462777137756348, 0.5909446477890015, 1.0434742231358802, 1761312171193417696, 
0.8603582382202148, 0.6161558032035828, 1.053144122567129, 1761312171288565557, 
0.8747069239616394, 0.6422257423400879, 1.064891002106672, 1761312171384558720, 
0.8892256021499634, 0.6693967580795288, 1.075778957511617, 1761312171482064816, 
0.9049508571624756, 0.6998142600059509, 1.0884011293941949, 1761312171593077997, 
0.9180046916007996, 0.725838303565979, 1.1017356810903438, 1761312171688597478, 
0.9310805201530457, 0.7525411248207092, 1.1088885985634431, 1761312171784543712, 
0.9445275664329529, 0.7799550890922546, 1.1165474500419428, 1761312171881682163, 
0.9591431617736816, 0.8115026354789734, 1.1264525563301389, 1761312171993400996, 
0.9712908864021301, 0.8380087614059448, 1.1351541186281588, 1761312172088564880, 
0.9831343293190002, 0.8641864061355591, 1.141019901743904, 1761312172184599322, 
0.9972224235534668, 0.8955557942390442, 1.1439841335403385, 1761312172297391873, 
1.006594181060791, 0.916374146938324, 1.1457481499741604, 1761312172376238009, 
1.0191296339035034, 0.9448938369750977, 1.1497417949626254, 1761312172488610893, 
1.0294959545135498, 0.9685097932815552, 1.1549227841161283, 1761312172585563741, 
1.0411555767059326, 0.9955575466156006, 1.160473629087763, 1761312172696361673, 
1.0509576797485352, 1.0186671018600464, 1.161130161085928, 1761312172792598771, 
1.0607789754867554, 1.0415847301483154, 1.1640482207415208, 1761312172890609227, 
1.0697563886642456, 1.062703013420105, 1.167263854272875, 1761312172985535417, 
1.0784307718276978, 1.0838510990142822, 1.1713643909460163, 1761312173081263325, 
1.0875575542449951, 1.1053235530853271, 1.1746886167991266, 1761312173176081061, 
1.097745418548584, 1.1303646564483643, 1.1773662925336916, 1761312173289614081, 
1.106132984161377, 1.1513534784317017, 1.1796677821364678, 1761312173385533675, 
1.114160418510437, 1.1714184284210205, 1.1832794741472905, 1761312173479807030, 
1.123437762260437, 1.1946330070495605, 1.1879761060636091, 1761312173591891115, 
1.1311159133911133, 1.2141766548156738, 1.190775367312041, 1761312173689601894, 
1.1386581659317017, 1.2336152791976929, 1.1943707934404473, 1761312173785543610, 
1.1456401348114014, 1.2519521713256836, 1.1964140883243763, 1761312173881687718, 
1.1537827253341675, 1.2734966278076172, 1.2002419177442727, 1761312173992809234, 
1.1606788635253906, 1.2916992902755737, 1.2026590981627605, 1761312174088623998, 
1.1675719022750854, 1.3098160028457642, 1.206520391316786, 1761312174185542015, 
1.1752653121948242, 1.330613613128662, 1.2071989676970742, 1761312174298276948, 
1.1816964149475098, 1.3473856449127197, 1.2091297877306597, 1761312174392645746, 
1.1879462003707886, 1.3640536069869995, 1.2096582041410977, 1761312174489602268, 
1.1940423250198364, 1.3805352449417114, 1.2113008083603929, 1761312174585552049, 
1.2007653713226318, 1.39945387840271, 1.2122241601576575, 1761312174697193423, 
1.2063956260681152, 1.4147803783416748, 1.2144110908759376, 1761312174792640941, 
1.2122098207473755, 1.4304507970809937, 1.2148062830370874, 1761312174889630396, 
1.2177786827087402, 1.4457088708877563, 1.2176006318090777, 1761312174985556653, 
1.2241860628128052, 1.4632161855697632, 1.2176006318090777, 1761312175098647088, 
1.229241132736206, 1.4773952960968018, 1.2176006318090777, 1761312175192615786, 
1.2344595193862915, 1.4916350841522217, 1.2195847454733832, 1761312175288631065, 
1.2394973039627075, 1.5061982870101929, 1.2195847454733832, 1761312175385559951, 
1.2443177700042725, 1.5199353694915771, 1.2220546473623712, 1761312175481600337, 
1.2499445676803589, 1.5355955362319946, 1.2234133012746518, 1761312175591931407, 
1.2545121908187866, 1.5490959882736206, 1.2248362424128736, 1761312175689638109, 
1.2593168020248413, 1.5627284049987793, 1.2254417187109732, 1761312175786570536, 
1.263687252998352, 1.5753811597824097, 1.2254417187109732, 1761312175881616445, 
1.2686045169830322, 1.5896590948104858, 1.226438497427312, 1761312175992816961, 
1.272995114326477, 1.6020687818527222, 1.2269501284714432, 1761312176089728454, 
1.277316927909851, 1.6142359972000122, 1.2269501284714432, 1761312176186960722, 
1.281410813331604, 1.6257964372634888, 1.2280036138471389, 1761312176281619433, 
1.2860585451126099, 1.6392216682434082, 1.2284830829173392, 1761312176393482298, 
1.289759874343872, 1.6505953073501587, 1.228950468203467, 1761312176488794001, 
1.2936924695968628, 1.6618695259094238, 1.2294619825059347, 1761312176585403103, 
1.2976962327957153, 1.673088788986206, 1.2280602201260031, 1761312176681620586, 
1.3021862506866455, 1.6855937242507935, 1.2280603591676351, 1761312176793184876, 
1.3059368133544922, 1.6961421966552734, 1.2280603591676351, 1761312176888857850, 
1.3097343444824219, 1.7066375017166138, 1.2277767903259595, 1761312176985665439, 
1.3134454488754272, 1.716783046722412, 1.2268893487110768, 1761312177081112765, 
1.3173325061798096, 1.728442907333374, 1.2278780508677807, 1761312177194724259, 
1.320794939994812, 1.7384363412857056, 1.2283510656604206, 1761312177288788974, 
1.3245741128921509, 1.7493836879730225, 1.2286968979032413, 1761312177385613432, 
1.327317476272583, 1.7581043243408203, 1.2300774858945773, 1761312177481629898, 
1.3308589458465576, 1.768853783607483, 1.2317948033991475, 1761312177592945425, 
1.3340916633605957, 1.7781635522842407, 1.2325992822154548, 1761312177689632904, 
1.337379813194275, 1.7870137691497803, 1.2325992822154548, 1761312177785624444, 
1.340685486793518, 1.795822262763977, 1.2331188459351865, 1761312177881629551, 
1.3440437316894531, 1.8050662279129028, 1.2331188459351865, 1761312177993174199, 
1.3467432260513306, 1.8134021759033203, 1.2334607617027424, 1761312178089635087, 
1.3495773077011108, 1.8218170404434204, 1.2325664420543225, 1761312178185668912, 
1.3512076139450073, 1.8257166147232056, 1.2316351960878735, 1761312178233687861, 
1.3556294441223145, 1.8386383056640625, 1.2328250339712061, 1761312178394501803, 
1.3583019971847534, 1.8461889028549194, 1.2328250339712061, 1761312178489665628, 
1.3607414960861206, 1.8542336225509644, 1.232534785010305, 1761312178585632705, 
1.3635634183883667, 1.861842155456543, 1.2321442206510234, 1761312178682650185, 
1.3659734725952148, 1.868851900100708, 1.2329871862490003, 1761312178777697815, 
1.3672373294830322, 1.873768925666809, 1.233758093746006, 1761312178842650343, 
1.3709605932235718, 1.8841809034347534, 1.2345518184844113, 1761312178985613499, 
1.373800277709961, 1.891683578491211, 1.2345518184844113, 1761312179082692252, 
1.3764697313308716, 1.9000670909881592, 1.2339392519867936, 1761312179193476991, 
1.378453254699707, 1.9065114259719849, 1.2348594241655066, 1761312179289665540, 
1.3809340000152588, 1.9123162031173706, 1.234233913646425, 1761312179385663788, 
1.382908821105957, 1.9189509153366089, 1.234233913646425, 1761312179481739226, 
1.3851605653762817, 1.9249602556228638, 1.232580625580296, 1761312179576865646, 
1.3878237009048462, 1.9325133562088013, 1.2313295061428673, 1761312179689681906, 
1.3895044326782227, 1.9382548332214355, 1.2306034818366887, 1761312179785601012, 
1.3904091119766235, 1.9409899711608887, 1.2306034818366887, 1761312179833658740, 
1.3937151432037354, 1.950544834136963, 1.2306034818366887, 1761312179993351243, 
1.396074652671814, 1.9562801122665405, 1.23036771958761, 1761312180090652812, 
1.3978508710861206, 1.9619191884994507, 1.23036771958761, 1761312180185606129, 
1.3997658491134644, 1.9670710563659668, 1.2300433465949436, 1761312180281738944, 
1.4016517400741577, 1.973319172859192, 1.231619632396172, 1761312180392894373, 
1.403647780418396, 1.9787867069244385, 1.232077531075096, 1761312180490688073, 
1.405308485031128, 1.983878493309021, 1.2326238268690881, 1761312180585618565, 
1.407301902770996, 1.989074945449829, 1.2326238268690881, 1761312180681764111, 
1.4091222286224365, 1.9947878122329712, 1.2331437305547446, 1761312180792934313, 
1.4109445810317993, 1.9995946884155273, 1.233143730556293, 1761312180889690846, 
1.412246823310852, 2.0042262077331543, 1.2334578144953268, 1761312180985611569, 
1.414063572883606, 2.008862018585205, 1.2333932417055888, 1761312181081719314, 
1.415684700012207, 2.0140528678894043, 1.2333932417055888, 1761312181192976539, 
1.4171979427337646, 2.0183095932006836, 1.2333932417055888, 1761312181289675192, 
1.4187989234924316, 2.022674798965454, 1.2329771698885177, 1761312181385606754, 
1.4202090501785278, 2.027020215988159, 1.2329771698885177, 1761312181481749394, 
1.422131061553955, 2.031909942626953, 1.2324446296383111, 1761312181592881790, 
1.4232970476150513, 2.0359904766082764, 1.231477455290814, 1761312181689660085, 
1.4247331619262695, 2.039806842803955, 1.2309458689359656, 1761312181785622764, 
1.4261289834976196, 2.043909788131714, 1.230530346160901, 1761312181880755414, 
1.4273061752319336, 2.048243522644043, 1.230530346160901, 1761312181992976743, 
1.4288800954818726, 2.0520358085632324, 1.2310559860415675, 1761312182089701798, 
1.430053949356079, 2.0556347370147705, 1.2303384942775613, 1761312182185631158, 
1.4313057661056519, 2.059230089187622, 1.2303384942775613, 1761312182280899996, 
1.4329148530960083, 2.0633904933929443, 1.2294380987143039, 1761312182393674870, 
1.4340306520462036, 2.067046642303467, 1.2290014696800031, 1761312182489686495, 
1.4351786375045776, 2.070512056350708, 1.2290014696800031, 1761312182585628481, 
1.4366320371627808, 2.073780059814453, 1.2275908200870636, 1761312182680774483, 
1.4378454685211182, 2.0774424076080322, 1.2275908200870636, 1761312182792869347, 
1.4387730360031128, 2.0805678367614746, 1.2275908200870636, 1761312182889712691, 
1.4399526119232178, 2.083812713623047, 1.2275908200870636, 1761312182986630635, 
1.440922498703003, 2.086587429046631, 1.2275908200870636, 1761312183080781220, 
1.4420019388198853, 2.090108871459961, 1.2275908200870636, 1761312183193692700, 
1.443212628364563, 2.093059539794922, 1.2275908200870636, 1761312183289698501, 
1.4444692134857178, 2.09610915184021, 1.2275908200870636, 1761312183385805137, 
1.4454107284545898, 2.0990092754364014, 1.2275908200870636, 1761312183480794830, 
1.4465850591659546, 2.1025912761688232, 1.2275908200870636, 1761312183593233202, 
1.4476591348648071, 2.105276107788086, 1.2275908200870636, 1761312183689179632, 
1.4485820531845093, 2.107771396636963, 1.2269925522972436, 1761312183785024001, 
1.4494671821594238, 2.1105246543884277, 1.2265409688485278, 1761312183881800461, 
1.450558066368103, 2.113832712173462, 1.2265409688485278, 1761312183993395822, 
1.4516655206680298, 2.1167304515838623, 1.2267027117069316, 1761312184090075229, 
1.4525853395462036, 2.11938738822937, 1.2267027117069316, 1761312184184956766, 
1.4533467292785645, 2.122215747833252, 1.2267027117069316, 1761312184281346420, 
1.454542636871338, 2.125493288040161, 1.2271213121460183, 1761312184395013478, 
1.4555792808532715, 2.128206968307495, 1.2270542415061194, 1761312184488829537, 
1.4565671682357788, 2.1311745643615723, 1.2270542415061194, 1761312184585701422, 
1.457404613494873, 2.134101629257202, 1.2270542415061194, 1761312184680879867, 
1.4586005210876465, 2.1371519565582275, 1.2270542415061194, 1761312184794370057, 
1.4597795009613037, 2.1400091648101807, 1.2270542415061194, 1761312184889696549, 
1.4607324600219727, 2.143010139465332, 1.2266015466539315, 1761312184985690206, 
1.4617338180541992, 2.145951747894287, 1.2266015466539315, 1761312185080871007, 
1.4629472494125366, 2.1489925384521484, 1.224983426171345, 1761312185194629039, 
1.4639393091201782, 2.1518642902374268, 1.224983426171345, 1761312185289704630, 
1.464768409729004, 2.154837131500244, 1.2240793186949381, 1761312185384802610, 
1.465831995010376, 2.1577250957489014, 1.2240793186949381, 1761312185481740202, 
