x, y, theta, stamp, 
5.558164540254179e-05, -9.919503112358534e-07, 6.641196761213101e-07, 4656000000, 
5.471628061587379e-05, -9.91539543345816e-07, 6.5670011794127e-07, 4690000000, 
5.4330655575814e-05, -9.906003334668381e-07, 6.535734686346014e-07, 4724000000, 
5.4457076634023357e-05, -9.902845178447518e-07, 6.549733281054606e-07, 4758000000, 
0.0035206567937183905, -9.987855189284822e-07, 2.5142223585152595e-06, 4826000000, 
0.01160904175100616, -1.016986250164571e-06, 2.073467742521833e-06, 4894000000, 
0.030650582804091418, 7.5408637227497e-05, 0.018488642552550286, 4996000000, 
0.05292663184426552, 0.0012342344630073589, 0.08374772880332836, 5098000000, 
0.07509325823968357, 0.0037895061745477085, 0.147151144868073, 5200000000, 
0.09705504334259989, 0.007748005369448988, 0.2110992126300828, 5302000000, 
0.11871573743348135, 0.013118144458564122, 0.27624952550817145, 5404000000, 
0.13998381814351452, 0.01989267140517187, 0.3405668532554745, 5506000000, 
0.16078615414072614, 0.02800164266521719, 0.40328293221582157, 5608000000, 
0.1810687987451073, 0.03736570800315319, 0.46073364394208693, 5710000000, 
0.20081325551876042, 0.04782431246743838, 0.5142580144011863, 5812000000, 
0.21366049694252645, 0.055360541433051864, 0.5483964029978843, 5880000000, 
0.23244462420605322, 0.06745390807690438, 0.5968218081145024, 5982000000, 
0.2506423758185409, 0.08042256803237603, 0.6425723554701294, 6084000000, 
0.2682484830903141, 0.09419577964846129, 0.6860362654015959, 6186000000, 
0.2852604339662234, 0.10870769686375387, 0.7270200978470773, 6288000000, 
0.30165442438661466, 0.12386495463919103, 0.7619113047056079, 6390000000, 
0.3176218205810144, 0.13956109586177246, 0.7915282667189962, 6492000000, 
0.3331456402336525, 0.15570740218006868, 0.8185410459861725, 6594000000, 
0.3482448658826916, 0.17225247984266487, 0.8434426628722883, 6696000000, 
0.3629381012910424, 0.18915187242411355, 0.8667106975350398, 6798000000, 
0.3725178490868466, 0.20059997583570022, 0.8816527193895224, 6866000000, 
0.38657530857755956, 0.2180327580453457, 0.90293383270454, 6968000000, 
0.4002749160373623, 0.23575956563305137, 0.9215946553971688, 7070000000, 
0.41377267032788123, 0.25366994341004256, 0.9302232129159872, 7172000000, 
0.42711084928722176, 0.27170506514225806, 0.9380906690101686, 7274000000, 
0.44030576983731246, 0.28984291578001803, 0.9454229124136024, 7376000000, 
0.45338202712132, 0.30806381594154997, 0.9509102372594419, 7478000000, 
0.4663630032279624, 0.326350966808083, 0.955918180636324, 7580000000, 
0.4792900467403117, 0.3446944759995362, 0.9544772580365257, 7682000000, 
0.4923073415687646, 0.3629864817290778, 0.9499591375194766, 7784000000, 
0.5054235083174463, 0.3812117614599134, 0.9440569257792834, 7886000000, 
0.5186499558784604, 0.39935554881802265, 0.9373497652334511, 7988000000, 
0.5275355486353251, 0.41139983869360314, 0.9326805781164711, 8056000000, 
0.5409712785961369, 0.42938637659061496, 0.9254245253805043, 8158000000, 
0.5545428677852475, 0.4472762498440998, 0.9167744878472501, 8260000000, 
0.5683579141927974, 0.4649981606993365, 0.9013311488946589, 8362000000, 
0.5824333140075838, 0.4825141734159645, 0.8859622547497983, 8464000000, 
0.5967714623669425, 0.4998133284164566, 0.8706289795112895, 8566000000, 
0.6113758785030021, 0.5168868068703313, 0.8550233598717051, 8668000000, 
0.6262477335849121, 0.5337282235378549, 0.839379728882005, 8770000000, 
0.6413987858423301, 0.5503294512084109, 0.8204163032356802, 8872000000, 
0.6568899787062779, 0.5666189687439903, 0.8002172300001527, 8974000000, 
0.6674012358591579, 0.5773014944360579, 0.786387746814808, 9042000000, 
0.6834363524092116, 0.5930545492060008, 0.7659507220434276, 9144000000, 
0.699790550391088, 0.608474767924446, 0.745500469279977, 9246000000, 
0.7164578953888375, 0.6235578981795807, 0.724641339064035, 9348000000, 
0.733465535385892, 0.6382639436189368, 0.7012656475519453, 9450000000, 
0.7508048380243993, 0.6525772393500858, 0.6785004108064496, 9552000000, 
0.76846166285946, 0.6664957341047513, 0.6560760051744908, 9654000000, 
0.786424214506964, 0.6800156030639746, 0.6338668504107292, 9756000000, 
0.8046807999322909, 0.6931340748481467, 0.6119122171977217, 9858000000, 
0.8232223741823801, 0.7058484917893671, 0.5894927306736432, 9960000000, 
0.8357420125140641, 0.7140897650957723, 0.5745298558177049, 10028000000, 
0.8547461460203105, 0.7261024308083546, 0.5524283511759783, 10130000000, 
0.8740078360894238, 0.7376960185931017, 0.5307584272919151, 10232000000, 
0.8935139016430458, 0.7488715234601099, 0.5093845218302984, 10334000000, 
0.9132525380168277, 0.7596292245795634, 0.48829312167952826, 10436000000, 
0.9332120543775433, 0.7699698446753789, 0.4676482423850059, 10538000000, 
0.9533773467824048, 0.7799017842671422, 0.4475045004032937, 10640000000, 
0.9737356430166105, 0.7894302752065228, 0.4278143479219282, 10742000000, 
0.9942750280036855, 0.7985596412246495, 0.40848075335373196, 10844000000, 
1.014985303296328, 0.8072924304338357, 0.3893797911106068, 10946000000, 
1.028881890242884, 0.8128946512366542, 0.3769584563022665, 11014000000, 
1.0498465689032432, 0.8209894612685181, 0.35960470721999255, 11116000000, 
1.0709469151616355, 0.8287216784059211, 0.3426752273093037, 11218000000, 
1.0921733181245274, 0.8360985495783656, 0.32609228380252114, 11320000000, 
1.1135175702277704, 0.8431250704710898, 0.3097881868130503, 11422000000, 
1.1349690635086358, 0.8498088198255139, 0.29475425935049854, 11524000000, 
1.1565132759823367, 0.8561820247066378, 0.2804597229981034, 11626000000, 
1.1781438949427927, 0.8622524233374708, 0.2666688570201662, 11728000000, 
1.1998544377866391, 0.8680276803240103, 0.2532383969490345, 11830000000, 
1.2216395757970544, 0.873513037385099, 0.24001349670709776, 11932000000, 
1.243491293707912, 0.8787165565760886, 0.22809419632959332, 12034000000, 
1.258090174685376, 0.8820486320415705, 0.22051495316132053, 12102000000, 
1.2800326730493938, 0.8868445187598963, 0.20974375553843608, 12204000000, 
1.302024665480791, 0.8914056002851654, 0.19921951799080836, 12306000000, 
1.3240617812133417, 0.8957381457208156, 0.18917251134717034, 12408000000, 
1.3461347177218284, 0.8998696007047597, 0.18068080379866394, 12510000000, 
1.3682416810205127, 0.9038120896018625, 0.17236112306425522, 12612000000, 
1.3903798932745586, 0.9075726340314719, 0.16426092792850883, 12714000000, 
1.4125469663096075, 0.9111569252196835, 0.15638638213280753, 12816000000, 
1.4347389946060383, 0.9145721531507618, 0.1494156080887771, 12918000000, 
1.4495452208201876, 0.9167685257993352, 0.145025574048975, 12986000000, 
1.4717711335118164, 0.9199444928265472, 0.1388287758403209, 13088000000, 
1.4939489966567483, 0.9229751601256496, 0.1328100032691743, 13190000000, 
1.5158595511199107, 0.9258374315098195, 0.12695672100163916, 13292000000, 
1.5372814866971825, 0.9285122641137139, 0.12181307499717506, 13394000000, 
1.5583120945625721, 0.9310354700133953, 0.1170352008723298, 13496000000, 
1.5789005963431515, 0.9334086326244484, 0.11248629642285904, 13598000000, 
1.5990502624035725, 0.9356398470740918, 0.1080978721779232, 13700000000, 
1.6187688277401515, 0.9377367799032007, 0.10380562841857353, 13802000000, 
1.63806362615161, 0.9397076733166814, 0.10003124951867717, 13904000000, 
1.65069463604145, 0.9409604619175315, 0.09766141273779004, 13972000000, 
1.6692990906929803, 0.9427520810783161, 0.09434726700301169, 14074000000, 
1.6875006983910732, 0.9444448885038395, 0.09114816869803247, 14176000000, 
1.7053076705522063, 0.9460447440994418, 0.08806977438896373, 14278000000, 
1.722684540632019, 0.9475539170990914, 0.08535589089966304, 14380000000, 
1.7398524970031273, 0.9490003573730388, 0.08276941693832314, 14482000000, 
1.7565229639100648, 0.9503634147782128, 0.08041832011356571, 14584000000, 
1.7728303618412358, 0.9516587759824611, 0.07817224046742971, 14686000000, 
1.7887826918713225, 0.9528907031486458, 0.07601695750792908, 14788000000, 
1.7992234579787432, 0.9536784986831981, 0.07461563935218347, 14856000000, 
1.8145976609927141, 0.9548121279211865, 0.0726270323781075, 14958000000, 
1.829636085063952, 0.9558931784044115, 0.07087948962308271, 15060000000, 
1.844345757268682, 0.9569252110138184, 0.06922037161966528, 15162000000, 
1.8587689309803643, 0.9579136159301509, 0.06764155535543637, 15264000000, 
1.8728422931186337, 0.9588563141611379, 0.06616431385982136, 15366000000, 
1.8866077467700033, 0.9597583955172018, 0.06474616251918779, 15468000000, 
1.900071903251167, 0.9606220080608792, 0.06338912771930064, 15570000000, 
1.9132410882142201, 0.9614492557813172, 0.06210389769906711, 15672000000, 
1.926121437216278, 0.9622422136353591, 0.060889062071182616, 15774000000, 
1.9345514288707064, 0.962752818446539, 0.0601079443844084, 15842000000, 
1.946964863846884, 0.9634929509416396, 0.05900386272305312, 15944000000, 
1.9591065109605377, 0.9642038383146865, 0.05796119347245964, 16046000000, 
1.9709818300859012, 0.9648870428641669, 0.056975969509491506, 16148000000, 
1.9825680358285744, 0.9655424921517555, 0.05605812401850869, 16250000000, 
1.9901697379107646, 0.9659667504099914, 0.055456281422520744, 16318000000, 
2.0013634580562054, 0.9665833685951966, 0.054583572784661395, 16420000000, 
2.012311985332473, 0.9671764075854, 0.05365990517821727, 16522000000, 
2.023020810475075, 0.9677469656095595, 0.05279079214508042, 16624000000, 
2.0334688046349054, 0.9682948258692243, 0.051981651755148565, 16726000000, 
2.0403237783841583, 0.9686496546604739, 0.05145256727226372, 16794000000, 
2.0504178551726575, 0.9691656901644708, 0.05070138795937068, 16896000000, 
2.0602904540539626, 0.9696632254697702, 0.04999990882629471, 16998000000, 
2.0699467258072146, 0.9701432788699428, 0.049342339913399924, 17100000000, 
2.0793679044605975, 0.9706056542583416, 0.048735942140510614, 17202000000, 
2.088605412360112, 0.9710532202176839, 0.048031044726692826, 17304000000, 
2.0946511585207634, 0.9713423186110349, 0.047544536562197065, 17372000000, 
2.103553547762205, 0.9717627554583851, 0.04683213734859429, 17474000000, 
2.1122608281997626, 0.9721679897635385, 0.04616028640224603, 17576000000, 
2.120777420851301, 0.9725587107772762, 0.04552056378483732, 17678000000, 
2.1291273710813354, 0.9729365682738849, 0.04491766413548595, 17780000000, 
2.137274055729045, 0.9733004741104164, 0.04436440602070285, 17882000000, 
2.142605726443971, 0.9735362251439009, 0.04400660849655893, 17950000000, 
2.1504566108800804, 0.9738800260179769, 0.04351363122688992, 18052000000, 
2.1581348840117744, 0.9742126156263247, 0.04305829854646505, 18154000000, 
2.165644378421607, 0.9745345975058118, 0.042637369900411, 18256000000, 
2.1729704908464282, 0.9748457508018731, 0.04225685658513892, 18358000000, 
2.1801539725931267, 0.9751478944538271, 0.04174198176727485, 18460000000, 
2.1871797975475737, 0.9754393729802107, 0.041190879204208566, 18562000000, 
2.19405151457773, 0.9757206872699764, 0.04064721176258473, 18664000000, 
2.2007726019622327, 0.9759922620032251, 0.04012419417013459, 18766000000, 
2.2073462210872896, 0.9762545486628853, 0.0396311946821374, 18868000000, 
2.2137756137874445, 0.9765079947927282, 0.039171959896048325, 18970000000, 
2.2179832997324507, 0.9766723053271129, 0.038880153450757494, 19038000000, 
2.22417902945658, 0.9769120893769988, 0.038478650851032324, 19140000000, 
2.230238548493033, 0.9771442659201977, 0.038110621892343814, 19242000000, 
2.2361651430387472, 0.9773692627660882, 0.03777414131535648, 19344000000, 
2.2419469339780935, 0.9775869010784749, 0.03747513555345934, 19446000000, 
2.247615948655682, 0.9777986395479751, 0.03719579311322373, 19548000000, 
2.253160382430836, 0.9780042312704615, 0.0369400679141722, 19650000000, 
2.2585830616993667, 0.9782039979267044, 0.036707778318334744, 19752000000, 
2.262132014885849, 0.9783340682951925, 0.036562306831721104, 19820000000, 
2.2673578233473313, 0.9785246968970847, 0.03636395302871057, 19922000000, 
2.272468919387253, 0.9787101672942382, 0.036183510801294366, 20024000000, 
2.277467659877377, 0.9788906999939572, 0.03601951504533385, 20126000000, 
2.2823685411469286, 0.9790669165183435, 0.035869684192604334, 20228000000, 
2.287150105795253, 0.9792381650165431, 0.03573598719297457, 20330000000, 
2.291826577025355, 0.9794050317243683, 0.03561261729634994, 20432000000, 
2.2964003534935924, 0.9795677044140695, 0.03550032382271821, 20534000000, 
2.3008734434799587, 0.9797263163513196, 0.03539856857157718, 20636000000, 
2.3038008035959034, 0.9798298791408935, 0.03533493271142855, 20704000000, 
2.3081112186491497, 0.9799820370802361, 0.03524826102102852, 20806000000, 
2.3123269692973576, 0.9801305105157594, 0.03516952151684215, 20908000000, 
2.3164500529049885, 0.9802754113647743, 0.035098014699303653, 21010000000, 
2.320492368271917, 0.9804171878800911, 0.035032737188466744, 21112000000, 
2.32443632906044, 0.9805552728241201, 0.034974503266657395, 21214000000, 
2.3282935805457576, 0.9806901058175339, 0.03492077408163917, 21316000000, 
2.332066101357921, 0.9808217807763833, 0.0348719044506628, 21418000000, 
2.3345349550744, 0.9809078616597675, 0.03484134923254333, 21486000000, 
2.3381701231583256, 0.9810344660092112, 0.034799962705393754, 21588000000, 
2.341725505471307, 0.9811581562730649, 0.03476228100193245, 21690000000, 
2.345202711858247, 0.9812790027892905, 0.03472804454396437, 21792000000, 
2.348595023479705, 0.98139678927927, 0.034697840301799315, 21894000000, 
2.3519211122437085, 0.9815121748743731, 0.03466965441512168, 21996000000, 
2.3551741445599053, 0.9816249401738443, 0.03464392088067323, 22098000000, 
2.3583557200673617, 0.9817351517277471, 0.03462060968068498, 22200000000, 
2.3614674902318136, 0.9818428767573806, 0.034599441603968044, 22302000000, 
2.363504020309246, 0.9819133431814115, 0.034586195987305335, 22370000000, 
2.36650274560155, 0.9820170569459445, 0.034568156607814565, 22472000000, 
2.369435598434175, 0.98211844240615, 0.034551791995168106, 22574000000, 
2.372304022357104, 0.9822175563001887, 0.03453693689509056, 22676000000, 
2.3751162453399552, 0.9823146838254875, 0.03452338989844297, 22778000000, 
2.377859972706328, 0.9824094132790678, 0.03451129688130799, 22880000000, 
2.379655639841448, 0.9824713927091671, 0.03450354551885467, 22948000000, 
2.382299654952296, 0.9825626298666394, 0.03449314744614084, 23050000000, 
2.384885569510098, 0.982651836470585, 0.03448373152756502, 23152000000, 
2.387414569784458, 0.9827390571007525, 0.03447518415346821, 23254000000, 
2.3898940392747776, 0.9828245491082146, 0.03446738523581806, 23356000000, 
2.392313150556494, 0.9829079419681258, 0.034460431085424854, 23458000000, 
2.394679106387183, 0.9829894872431748, 0.03445402911090615, 23560000000, 
2.3969930725812723, 0.9830692258375595, 0.0344482233876099, 23662000000, 
2.399256121313451, 0.9831471966968787, 0.03444298019861134, 23764000000, 
2.400737146562165, 0.9831982190938454, 0.03443971538598729, 23832000000, 
